"LOCATION","ROCK NAME","LA(PPM)","CE(PPM)","PR(PPM)","ND(PPM)","SM(PPM)","EU(PPM)","GD(PPM)","TB(PPM)","DY(PPM)","HO(PPM)","ER(PPM)","TM(PPM)","YB(PPM)","LU(PPM)","AVERAGE_LAT","AVERAGE_LON"
"CAROLINE ISLANDS / KOSRAE","ANKARAMITE [21069]",56.6,119,14.7,59.5,12.1,3.77,10.4,1.52,7.95,1.39,3.31,0.42,2.38,0.32,5.2943,163.0146
"DECCAN / NORTHERN DECCAN","ANKARAMITE [21424]",11.7160030718499,26.0625324534771,3.25505326898616,14.2338561735278,3.61136901219168,1.125590857461,4.07634623286163,0.636967390461476,4.1394570621295,0.904817953237237,2.37669612794977,0.332029111093863,2.12115758568128,0.313163988793658,22,71
"MARQUESAS / MOTANE","ANKARAMITE [21614]",43.32,95.06,12.33,51.04,11.14,3.51,9.75,1.41,7.39,1.28,2.81,0.35,1.92,0.27,-10,-139
"MARQUESAS / MOTANE","ANKARAMITE [21614]",30.11,68.96,9.42,41.61,10.08,3.34,9.34,1.36,7.52,1.31,2.94,0.39,2.1,0.28,-10,-139
"MARQUESAS / HIVA OA","ANKARAMITE [21614]",30.23,66.41,8.71,36.95,8.74,2.67,7.88,1.18,6.46,1.13,2.61,0.34,1.87,0.27,-9.8056,-139.0303
"MARQUESAS / NUKU HIVA","ANKARAMITE [21614]",28.28,62.04,8.14,35.04,8.29,2.87,8.01,1.18,6.39,1.09,2.5,0.3,1.68,0.23,-8.9269,-140.0947
"CENTRAL ASIAN FOLDBELT - PALEOZOIC / CHINA - PALEOZOIC / QINGHAI PROVINCE","ANKARAMITE [22773]",17,37.5,4.5,17.4,3.7,1.2,3.5,0.5,2.9,0.6,1.6,0.2,1.4,0.2,36,102
"CENTRAL ASIAN FOLDBELT - PALEOZOIC / CHINA - PALEOZOIC / QINGHAI PROVINCE","ANKARAMITE [22773]",18.9,41.4,5,18.9,4,1.2,3.7,0.5,3,0.6,1.6,0.2,1.4,0.2,36,102
"CENTRAL ASIAN FOLDBELT - PALEOZOIC / CHINA - PALEOZOIC / QINGHAI PROVINCE","ANKARAMITE [22773]",17.7,40.4,5,19.6,4.2,1.3,4,0.6,3.3,0.7,1.7,0.2,1.5,0.2,36,102
"CENTRAL ASIAN FOLDBELT - PALEOZOIC / CHINA - PALEOZOIC / QINGHAI PROVINCE","ANKARAMITE [22773]",18.5,41,5,19.1,4,1.3,3.8,0.6,3.2,0.6,1.7,0.2,1.5,0.2,36,102
"JAN MAYEN / JAN MAYEN","ANKARAMITE [1270]",24,51,5.91,22,4.6,1.32,3.5,0.6,3.1,0.5,1.5,0.2,1.2,0.17,71,-8.5
"JAN MAYEN / JAN MAYEN","ANKARAMITE [1270]",37,77,9.07,35,7.2,2.12,5.6,0.9,4.7,0.8,2.3,0.32,1.8,0.25,71,-8.5
"AZORES / SAO MIGUEL","ANKARAMITE [23491]",42.4583216483498,80.4012001003636,10.1307550915303,41.0629939445633,8.43845577426029,2.76143173487881,8.16484980221447,1.07202969935383,5.55554866961157,0.996369194127997,2.56815294264525,0.315156005423459,1.88986118549555,0.259347619240729,37.8051,-25.7905
"AZORES / SAO MIGUEL","ANKARAMITE [23491]",47.5098508651756,112.754994047057,12.372345838556,49.4777600735915,9.8826914220047,3.0843063905544,9.980695331354,1.30076486725683,7.15526439683156,1.31234850385066,3.36745505969657,0.447758989027762,2.68968990627106,0.389719985502855,37.7653,-25.1584
"AZORES / PICO ALTO","ANKARAMITE [23491]",16.090560654454,33.6723097186362,4.90953853503442,21.236110492497,4.90555097891866,1.66051544396864,4.8397882431036,0.682414266895835,3.73437929547118,0.661415570342741,1.71198697764689,0.200005498714457,1.22144225167878,0.164886045670545,38.5517,-28.4555
"AZORES / PICO ALTO","ANKARAMITE [23491]",16.6885434979109,35.2153149250716,4.84096382043643,20.6298510750125,4.52205311318836,1.53286373160623,4.60295698956395,0.639279653983496,3.57767657057346,0.65476563013757,1.7080943710162,0.217897945225317,1.33466618546698,0.181535643374455,38.5365,-28.5013
"AZORES / PICO ALTO","ANKARAMITE [23491]",12.5789259030162,26.1461373873453,3.7743967810987,16.0099925952036,3.61584346534192,1.21672936574525,3.66531926206771,0.519391203709328,2.88458409948152,0.525796608220912,1.34590161458616,0.169447883874393,1.05943423099755,0.141470048052314,38.466,-28.4019
"AZORES / PICO ALTO","ANKARAMITE [23491]",15.9945769649613,32.7014213231061,4.44486343855981,18.7566102688554,4.23338937237163,1.45157957031994,4.349754662777,0.61444312227252,3.45441966591722,0.63775115329165,1.6649889941782,0.208888655650039,1.29414668309835,0.178213962781597,38.3906,-28.2497
"AZORES / PICO ALTO","ANKARAMITE [23491]",18.7753875771607,35.3432616402716,5.28504245123146,22.223390670597,5.053069967592,1.64872279709421,5.19069656381839,0.721066476664545,4.03404436343186,0.756058709395593,1.94800776209729,0.247532500313339,1.49510456091528,0.203526907204906,38.3891,-28.2219
"AZORES / PICO ALTO","ANKARAMITE [23491]",17.086903925877,34.6004991626805,4.77565475229655,20.0257731657859,4.39965032255145,1.49703332117916,4.53102810357796,0.642059445729703,3.68880227074881,0.684954636166119,1.83024346338828,0.236865909272886,1.45102282716661,0.208044072653814,38.4336,-28.4439
"AZORES / PICO ALTO","ANKARAMITE [23491]",20.3822877378206,47.9917612273375,5.89462342730087,25.1760509514687,5.66531341389711,1.8813931338113,5.77266879620225,0.809871515260689,4.56273925014832,0.842752195344725,2.20822480320081,0.284949982251386,1.73837527850565,0.242293514000625,38.4493,-28.5053
"AZORES / PICO ALTO","ANKARAMITE [23491]",14.7248879578742,29.4716211536283,4.14974579870328,17.3513247182442,4.01115956315707,1.32350820201705,4.07547613148567,0.585146261249642,3.32226393327148,0.616813936962089,1.60240621486728,0.212866432758486,1.30441635344435,0.179281198692326,38.5064,-28.5408
"SAMOAN ISLANDS / MANUA ISLANDS / OFU","BASALT [11847] / ANKARAMITE [11102] / NOT GIVEN [16249] / ALKALI BASALT [13783]",37.9,80.5,9.99,44.1,10.8,3.39,9.93,1.4,7.34,1.23,2.7,0.32,1.66,0.23,-14.27,-169.66
"IZU-BONIN-MARIANA ARC / CHAIFE SEAMOUNT / DREDGE D14","BASALT [20498] / ANKARAMITE [9563]",4.7,9.33,1.31,6.49,1.89,0.662,1.9,0.33,1.94,0.38,1.14,0.164,1.04,0.153,14.6617,145.0003
"IZU-BONIN-MARIANA ARC / CHAIFE SEAMOUNT / DREDGE D14","BASALT [20498] / ANKARAMITE [9563]",4.94,9.75,1.38,6.71,1.93,0.711,2.06,0.34,2.02,0.41,1.21,0.175,1.09,0.157,14.6617,145.0003
"JAN MAYEN / JAN MAYEN","BASALT [13291] / ANKARAMITE [1321]",27.8,56.7,6.41,25.3,4.53,1.49,3.88,0.56,3.1,0.56,1.48,0.21,1.26,0.19,71.03,-8.43
"CROZET ISLANDS / ILE DE L^EST","BASALT [20510] / ANKARAMITE [970]",32.5,68.5,8.54,34.96,7.55,2.43,6.73,1,5.41,0.97,2.3,0.3,1.7,0.25,-46.5,52.15
"WAKE SEAMOUNT GROUP / MALONEY GUYOT","ALKALI BASALT [12822] / ANKARAMITE [12924]",8.8,20.5,2.6,11.7,2.9,1.11,9.62,1.7,8.29,1.75,4.5,0.6,0.05,0.15,21.05,157.15
"CENTRAL ASIAN FOLDBELT - PALEOZOIC / CHINA - PALEOZOIC / XINJIANG PROVINCE / BEITASHAN FORMATION","ANKARAMITE [13567]",3.61,7.53,1.16,5.511,1.498,0.47,1.64,0.29,1.9,0.4,1.16,0.18,1.19,0.19,46.5,91
"CENTRAL ASIAN FOLDBELT - PALEOZOIC / CHINA - PALEOZOIC / XINJIANG PROVINCE / BEITASHAN FORMATION","ANKARAMITE [13567]",3.73,8.17,1.27,6.257,1.811,0.52,1.94,0.34,2.19,0.46,1.31,0.2,1.3,0.2,46.5,91
"CENTRAL ASIAN FOLDBELT - PALEOZOIC / CHINA - PALEOZOIC / XINJIANG PROVINCE / BEITASHAN FORMATION","ANKARAMITE [13567]",5.56,10.68,1.49,6.646,1.733,0.46,1.74,0.31,1.95,0.39,1.12,0.18,1.18,0.19,46.5,91
"BATHYMETRISTS (GRIMALDI) SEAMOUNT CHAIN / CARTER / SITE 2304","NEPHELINITE [13188] / ANKARAMITE [15812]",125,225,24.6,82.57,12.91,3.8,11.1,1.44,6.71,1.21,3.15,0.42,2.69,0.37,9.2151,-21.28
"CANARY ISLANDS / EL HIERRO / SHIELD STAGE / PLATFORM-FORMING ERUPTION","ANKARAMITE [15056]",31.3,68.8,9.76,44.4,9.44,2.84,8.29,1.12,5.5,0.95,2.15,0.29,1.62,0.24,27.8,-18
"CANARY ISLANDS / EL HIERRO / TINOR UNIT / SHIELD STAGE","ANKARAMITE [15056]",77.5147116516281,157.28717143978,18.0600235386426,65.2687328364064,10.3839741074931,2.95066692820714,8.41016084739113,1.12789329148686,5.58944684189878,0.975872891329933,2.2866810513927,0.313848568065908,1.84042761867399,0.268732836406434,27.8,-18
"CANARY ISLANDS / EL HIERRO / CLIFF-FORMING ERUPTION / SHIELD STAGE","ANKARAMITE [15056]",41.8660427025446,89.3204640733158,12.0181339572975,51.9459881056839,10.3646290338306,3.10909622696695,8.91488739397485,1.23915374865945,6.01101686653018,1.03929024081115,2.36472652822463,0.312957004972214,1.80462123427903,0.261284976113874,27.8,-18
"CANARY ISLANDS / EL HIERRO / CLIFF-FORMING ERUPTION / SHIELD STAGE","ANKARAMITE [15056]",40.1989976415094,84.7969259824089,11.4477341644205,49.4922794899986,9.99385920579751,2.98195961602119,8.53323535844328,1.16036553648272,5.7223745537192,0.982593571192131,2.20612557336738,0.288638754906133,1.65520818555824,0.24251888565754,27.8,-18
"CANARY ISLANDS / EL HIERRO / SHIELD STAGE / UPPER EL GOLFO UNIT","ANKARAMITE [15056]",20.4094435955305,44.4085618493197,5.71446529133586,25.8717636994902,5.93645841619411,1.87567613968976,5.47079531462971,0.77857466471349,4.14272507325153,0.745839654389347,1.89382580624554,0.261559648772522,1.43981870626343,0.202658774983461,27.8,-18
"CANARY ISLANDS / EL HIERRO / SHIELD STAGE / PLATFORM-FORMING ERUPTION","ANKARAMITE [15056]",45.2740332578963,97.8598838925514,13.5343894519335,59.0799960641543,11.6988094066713,3.47928761192561,9.91636327855948,1.35688281019384,6.75391124667913,1.19157729017023,2.78461084325494,0.383744957197678,2.2473679031782,0.33061104004723,27.8,-18
"CANARY ISLANDS / LA PALMA / GARAFIA / SHIELD STAGE","ANKARAMITE [15056]",26.2526381057118,56.9987988290684,7.88520132237975,34.6327023051776,7.17597501124781,2.20932922797444,6.48184871367158,0.912524994595361,4.64820008241235,0.838488411920841,1.98158441745476,0.271983682213123,1.59618196404874,0.241312310239388,27.8,-18
"CANARY ISLANDS / LA PALMA / GARAFIA / SHIELD STAGE","ANKARAMITE [15056]",60.5165003671674,124.501378472792,15.7117109806495,60.4603575715911,10.3419274434211,2.94615431187357,9.01996397983444,1.1634005041391,5.93822945229558,1.10704434132508,2.552243773778,0.363533927832072,2.10802949252775,0.321122770629731,27.8,-18
"CANARY ISLANDS / LA PALMA / TABURIENTE / SHIELD STAGE / LOWER TABURIENTE SERIES","BASANITE [15056]",51.5195143689162,105.620658965017,14.2296044456495,59.8917567259111,11.3860076249239,3.36959792624817,9.92926833203634,1.30775083249866,6.69694837182522,1.2045396155178,2.79160070257889,0.380942564616034,2.22055259880735,0.334903270160132,28.6,-17.9
"CANARY ISLANDS / LA PALMA / TABURIENTE / SHIELD STAGE / LOWER TABURIENTE SERIES","BASANITE [15056]",44.7982482186358,90.2876227293921,11.9953684529614,50.2622342258111,9.77592346068581,2.88569320725913,8.42550415682092,1.12691141327042,5.67007691549157,1.00087324283163,2.25112697995303,0.308705219369848,1.7580919224125,0.258870481762702,28.6,-17.9
"CANARY ISLANDS / LA PALMA / TABURIENTE / SHIELD STAGE / LOWER TABURIENTE SERIES","ANKARAMITE [15056]",44.7016785413361,90.4764948576615,12.0402648825504,50.1441299986393,9.54587724748983,2.79272719228921,8.60854439946616,1.1076721156753,5.58957884639748,1.01490477138496,2.25495971058384,0.306208008816012,1.73549751949115,0.261704040202945,28.6,-17.9
"CANARY ISLANDS / LA PALMA / TABURIENTE / SHIELD STAGE / UPPER TABURIENTE SERIES","ANKARAMITE [15056]",31.2081645393008,60.3920871959293,8.32378313362793,35.3523659527208,6.99166971509276,2.09536247293684,6.66804697278448,0.894711661882424,4.60172438744223,0.868266286383886,2.0096323983375,0.285946135985933,1.64086119544532,0.257596610820171,28.6,-17.9
"CANARY ISLANDS / LA PALMA / TABURIENTE / SHIELD STAGE / UPPER TABURIENTE SERIES","ANKARAMITE [15056]",27.431834725266,56.0717826023078,7.36320404063786,30.6754964496215,6.24393973274998,1.93614332944109,5.97078251974899,0.842448393745735,4.42141954810474,0.806733758964841,1.95091047194785,0.28572947529752,1.61420935111771,0.240269667415277,28.6,-17.9
"AUSTRAL-COOK ISLANDS / MANGAIA","ANKARAMITE [1199]",38.4,79.4,9.15,38.4,7.8,2.41,7.08,1.07,5.57,1.022,2.65,0.34,2.08,0.294,-21.93,-157.93
"AUSTRAL-COOK ISLANDS / MANGAIA","ANKARAMITE [1199]",25.1,54.1,6.47,28.3,5.99,1.85,5.53,0.843,4.25,0.798,2.01,0.244,1.55,0.208,-21.93,-157.93
"AUSTRAL-COOK ISLANDS / MANGAIA","ANKARAMITE [1199]",27.9,58.7,6.93,29.7,6.14,1.84,5.57,0.847,4.33,0.806,2.04,0.267,1.6,0.226,-21.93,-157.93
"AUSTRAL-COOK ISLANDS / MANGAIA","ANKARAMITE [1199]",34.2,71.2,8.45,36,7.47,2.17,6.52,1.004,5.08,0.932,2.31,0.29,1.82,0.259,-21.93,-157.93
"AUSTRAL-COOK ISLANDS / MANGAIA","ANKARAMITE [1199] / NOT GIVEN [17353]",26,54.5,6.45,27.8,5.71,1.74,5.85,0.882,4.58,0.943,2.33,0.26,1.52,0.218,-21.93,-157.93
"AUSTRAL-COOK ISLANDS / MANGAIA","ANKARAMITE [1199]",30.6,64.3,7.56,32.7,6.83,2.09,5.92,0.919,4.68,0.849,2.16,0.261,1.67,0.24,-21.93,-157.93
"EUROPEAN OROGENIC BELT - CENOZOIC/QUATERNARY / CZECH REPUBLIC / BOHEMIAN MASSIF","ANKARAMITE [12763]",56.7,104,11.5,41.9,7.46,2.26,6.2,0.9,4.6,0.83,2.13,0.28,1.73,0.25,51.083,14.917
"CENTRAL ASIAN FOLDBELT - PALEOZOIC / CHINA - PALEOZOIC / XINJIANG PROVINCE / BEITASHAN FORMATION","ANKARAMITE [12562]",2.8,6.89,1.08,5.34,1.73,0.6,2.02,0.33,2.18,0.44,1.29,0.19,1.22,0.18,46.3,90
"CENTRAL ASIAN FOLDBELT - PALEOZOIC / CHINA - PALEOZOIC / XINJIANG PROVINCE / BEITASHAN FORMATION","ANKARAMITE [12562]",4.59,10,1.37,6.22,1.8,0.58,1.93,0.33,2.13,0.43,1.24,0.18,1.21,0.17,46.3,90
"NEW ZEALAND / SOUTH ISLAND / SOUTHLAND / GREENHILLS COMPLEX","ANKARAMITE, HORNBLENDE [6171]",1.21,2.76,0.45,2.21,0.82,0.31,1.05,0.19,1.28,0.28,0.89,0.13,0.83,0.13,-46.535,168.24
"NEW ZEALAND / SOUTH ISLAND / SOUTHLAND / GREENHILLS COMPLEX","ANKARAMITE, HORNBLENDE [6171]",1.3,3.202,0.5,2.73,1.03,0.34,1.28,0.23,1.37,0.33,1.01,0.15,1.04,0.15,-46.535,168.24
"BALTIC SHIELD / KOLA-LAPLAND PROVINCE / LOVOZERO MASSIF","NOT GIVEN [20859] / ANKARAMITE [17924]",70.9,169,21.7,88.2,15.7,4.17,10.9,1.39,6.58,1.1,2.52,0.31,1.67,0.23,67.82,34.75
"CANARY ISLANDS / TENERIFE / EL PALMAR FORMATION","ANKARAMITE [14094]",56.3,112.9,13.53,50.8,9.57,2.99,8.22,1.17,5.63,0.95,2.19,0.29,1.61,0.22,28.3271,-16.8558
"CANARY ISLANDS / TENERIFE / EL PALMAR FORMATION","ANKARAMITE [14094]",49.7,100.7,12.34,46.2,9.04,2.82,7.91,1.12,5.54,0.97,2.29,0.32,1.71,0.24,28.3206,-16.8555
"CANARY ISLANDS / TENERIFE / EL PALMAR FORMATION","ANKARAMITE [14094]",30.8,61.5,7.41,28.2,5.5,1.78,5.16,0.78,3.92,0.71,1.73,0.24,1.4,0.2,28.3236,-16.8569
"CANARY ISLANDS / TENERIFE / LOS GIGANTES FORMATION","ANKARAMITE [14094]",34.9,74,8.97,34.3,6.9,2.26,6.27,0.94,4.58,0.82,2.04,0.29,1.63,0.23,28.2509,-16.8387
"CANARY ISLANDS / TENERIFE / CARRIZALES FORMATION","ANKARAMITE [14094]",25.3,54.1,6.92,27.3,5.94,1.9,5.44,0.81,4.11,0.73,1.84,0.26,1.41,0.2,28.3131,-16.8462
"CARIBBEAN-COLOMBIAN PLATEAU / DOMINICAN REPUBLIC / DUARTE COMPLEX","ANKARAMITE [13048]",9.23,23.8,3.28,15.46,4.03,1.35,4.41,0.74,4.42,0.79,2.17,0.27,1.66,0.23,18.7,-70.22
"CARIBBEAN-COLOMBIAN PLATEAU / DOMINICAN REPUBLIC / DUARTE COMPLEX","ANKARAMITE [13048]",14.45,36.33,4.96,23.57,6.02,2.07,6.76,1.05,5.91,1.09,2.88,0.39,2.13,0.28,19.28,-70.77
"CAROLINE ISLANDS / KOSRAE","ANKARAMITE [21069] / BASALT [23592]",64.6,135,16.6,66.6,13.4,4.2,11.5,1.63,8.51,1.46,3.3,0.41,2.28,0.32,5.2842,162.9574
"CASCADES / COAST RANGES / OREGON / CASCADE HEAD BASALT","ANKARAMITE [14943]",33.5,71.5,8.74,34.5,7.18,2.4,6.51,0.95,5.08,0.88,2.32,0.307,1.83,0.258,45.1,-124
"CASCADES / COAST RANGES / OREGON / CASCADE HEAD BASALT","ANKARAMITE [14943]",42.4,87.4,10.4,40.9,8.09,2.63,7.32,1.03,5.56,0.97,2.5,0.338,1.98,0.28,45.1,-124
"CASCADES / COAST RANGES / OREGON / CASCADE HEAD BASALT","ANKARAMITE [14943]",54.7,111,13.4,52.3,9.96,3.25,8.67,1.18,6.02,1.01,2.61,0.34,1.98,0.279,45.1,-124
"CANARY ISLANDS / LA PALMA / TABURIENTE / SHIELD STAGE / LOWER TABURIENTE SERIES","ANKARAMITE [15056]",70.9687414898862,135.045020263544,17.1306934896512,69.1497158505473,12.6926430545337,3.72748859357357,11.2317269548886,1.45135856329268,7.40473470478687,1.36573828190862,3.13330445802231,0.440189371586375,2.52042383400265,0.380430394613817,28.6,-17.9
"CARPATHIAN BELT AND PANNONIAN BASIN / SOUTHERN PANNONIAN-EASTERN CARPATHIAN (TISZA-DACIA / SREDNOGORIE ARC","ANKARAMITE [13759]",9.80266666666667,20.522,2.65733333333333,14.0746666666667,3.69433333333333,0.916333333333333,2.6,0.369666666666667,2.109,0.491333333333333,1.20166666666667,0.200666666666667,1.00366666666667,0.108,42.2945,27.4999
"CARPATHIAN BELT AND PANNONIAN BASIN / SOUTHERN PANNONIAN-EASTERN CARPATHIAN (TISZA-DACIA / SREDNOGORIE ARC","ANKARAMITE [13759]",13.1693333333333,28.131,3.63066666666667,16.769,4.17666666666667,1.11566666666667,3.99566666666667,0.542,2.70833333333333,0.454333333333333,0.986333333333333,0.1665,1.29666666666667,0.296333333333333,42.5101,26.8873
"CARPATHIAN BELT AND PANNONIAN BASIN / SOUTHERN PANNONIAN-EASTERN CARPATHIAN (TISZA-DACIA / SREDNOGORIE ARC","ANKARAMITE [13759]",13.1943333333333,25.764,3.36233333333333,14.487,3.709,1.134,2.92,0.48,2.55333333333333,0.415666666666667,1.266,0.169333333333333,1.437,0.216666666666667,42.2945,27.4999
"ARABIAN-NUBIAN SHIELD / SYRIA / COASTAL RANGE","ANKARAMITE [15667]",20.4,43.9,5.9,26.2,6.36,2.17,6.34,0.91,4.72,0.85,2,0.25,1.45,0.2,34.9619,36.2436
"ARABIAN-NUBIAN SHIELD / SYRIA / COASTAL RANGE","ANKARAMITE [15667]",32,62.5,7.08,26.8,6,1.91,5.87,0.84,4.08,0.77,1.81,0.23,1.26,0.18,34.9306,36.1614
"ARABIAN-NUBIAN SHIELD / SYRIA / COASTAL RANGE","ANKARAMITE [15667]",40.6,75.9,8.89,34.8,6.92,2.27,6.24,0.9,4.75,0.82,1.96,0.25,1.51,0.21,34.9381,36.1647
"ARABIAN-NUBIAN SHIELD / SYRIA / COASTAL RANGE","ANKARAMITE [15667]",34.9,65.4,7.83,28.9,6.22,2.21,6.18,0.9,4.15,0.81,1.9,0.24,1.36,0.2,34.9497,36.1656
"ARABIAN-NUBIAN SHIELD / SYRIA / COASTAL RANGE","ANKARAMITE [15667]",36.5,68.6,7.52,29.5,6.4,2.18,5.66,0.83,4.38,0.87,2.09,0.26,1.48,0.22,34.9467,36.2681
"ARABIAN-NUBIAN SHIELD / SYRIA / COASTAL RANGE","ANKARAMITE [15667]",31.4,63.7,7.47,29.6,6.76,2.22,5.97,0.88,4.72,0.82,2.01,0.26,1.47,0.2,34.9289,36.2722
"ST. HELENA CHAIN / ST. HELENA / NORTHEASTERN VOLCANO","NOT GIVEN [25259] / ANKARAMITE [1224]",53.3119436360735,100.756980035396,11.9894384593939,46.4067741251101,10.3945756023008,3.30751175792204,9.10169790681278,1.34785486967331,7.69320394309586,1.38895060069425,3.42125128628265,0.456857359706079,2.6010488512702,0.381489686276031,-15.95,-5.64
"CROZET ISLANDS / ILE DE L^EST","BASALT [20510] / ANKARAMITE [970]",29.71,63.17,8.03,33,7.16,2.32,6.48,0.96,5.25,0.95,2.25,0.3,1.69,0.24,-46.5,52.15
"SAMOAN ISLANDS / MANUA ISLANDS / OFU / ASAGA SERIES","ANKARAMITE [18653]",29.6,62.9,7.81,34,8.45,2.68,7.69,1.126,5.99,1.029,2.33,0.286,1.576,0.218,-14.1738,-169.6413
"SAMOAN ISLANDS / MANUA ISLANDS / OFU / ASAGA SERIES","ANKARAMITE [18653]",38.5,81.9,10.16,44.1,10.8,3.46,9.94,1.436,7.64,1.303,2.98,0.374,2.01,0.281,-14.1738,-169.6413
"SAMOAN ISLANDS / MANUA ISLANDS / OFU / ASAGA SERIES","ANKARAMITE [18653]",37.9,80.5,9.99,44.1,10.75,3.39,9.93,1.4,7.34,1.227,2.7,0.319,1.664,0.225,-14.1733,-169.6398
"SAMOAN ISLANDS / MANUA ISLANDS / OFU / ASAGA SERIES","ANKARAMITE [18653]",32.8,69.2,8.69,38,9.56,3.08,9.05,1.313,7.01,1.217,2.79,0.343,1.926,0.277,-14.187,-169.6738
"SAMOAN ISLANDS / MANUA ISLANDS / OFU / ASAGA SERIES","ANKARAMITE [18653]",34.6,72.8,9.02,39.7,9.7,3.18,9.13,1.301,6.87,1.174,2.63,0.316,1.748,0.241,-14.1755,-169.638
"SAMOAN ISLANDS / MANUA ISLANDS / OLOSEGA / ASAGA SERIES","ANKARAMITE [18653]",38.1,81,10.16,44.9,10.98,3.53,10.28,1.473,7.87,1.339,3.05,0.374,2.035,0.284,-14.1968,-169.6112
"URALS / NORTH URALS / MAIN URAL FAULT ZONE","ANKARAMITE [19759]",2.36,4.72,0.6,2.73,0.66,0.2,0.68,0.1,0.71,0.15,0.48,0.07,0.46,0.07,54.3,59.5
"TRISTAN DA CUNHA GROUP / TRISTAN DA CUNHA","BASANITE [9391] / ALKALI BASALT [15598] / BASALT [26028]",39.7,89.6,11.2,46.4,8.49,2.55,7.12,0.903,4.7,0.868,2.05,0.251,1.5,0.19,-37.15,-12.25
