"ROCK NAME","SIO2(WT%)","LA(PPM)","CE(PPM)","PR(PPM)","ND(PPM)","SM(PPM)","EU(PPM)","GD(PPM)","TB(PPM)","DY(PPM)","HO(PPM)","ER(PPM)","TM(PPM)","YB(PPM)","LU(PPM)","AVERAGE_LAT","AVERAGE_LON"
"PANTELLERITIC RHYOLITE [22611]",67.02,135.1,244.1,28.12,103.2,20.31,3.46,18.82,3.11,18.28,3.52,10.54,1.46,9.87,1.43,36.83511,11.96942
"PANTELLERITIC RHYOLITE [18206]",68,93.43,191.5,22.62,85.88,17.68,2.969,15.75,2.604,15.61,3.084,8.732,1.319,8.731,1.328,8.35,39.18
"PANTELLERITIC RHYOLITE [18206]",68.6112650238115,121.790944456027,235.595166943124,23.9900437953207,112.681077662761,24.2212814845487,5.98250351897002,24.3317829004589,3.75081004049864,25.6866636039301,5.03239135785319,15.5765891209636,2.16365579943221,15.02036561308,2.10738291568668,8.97,39.9
"PANTELLERITIC RHYOLITE [18206]",67.91,94.41,196.9,22.79,86.96,17.92,2.997,16.26,2.675,16.04,3.173,9.009,1.368,9.033,1.374,8.35,39.18
"PANTELLERITIC RHYOLITE [18206]",70.16,96.81,197.7,23.29,87.62,18.17,3.503,16.55,2.74,16.21,3.219,9.086,1.35,8.911,1.357,8.35,39.18
"PANTELLERITIC RHYOLITE [22885]",67.67,320,676,69.9,228,43.7,0.701,35.9,6.45,41.5,8.24,25.4,4.16,29.7,4.75,37.389,-116.6611
"PANTELLERITIC RHYOLITE [21827]",73.03,158,218,41.3,150,26.9,3.38,18.3,2.8,15.1,2.9,8.5,1.32,8.5,1.21,7,40
"PANTELLERITIC RHYOLITE [14082]",66.51,207,386,43.4,153,30.6,4.36,30,5.19,29.9,5.85,17.4,2.52,15.7,2.27,36.8,12
"PANTELLERITIC RHYOLITE [14082]",66.13,202,378,41.3,149,30,4.3,29,4.97,28.7,5.63,16.5,2.47,15.1,2.14,36.8,12
"PANTELLERITIC RHYOLITE [18206]",68.84,209.8,412,48.59,181.6,37.14,5.569,33.75,5.547,33.26,6.472,18.49,2.769,18.25,2.778,8.35,39.18
"PANTELLERITIC RHYOLITE [18206]",70.63,287.2,580.3,67.84,258.4,53.55,9.081,49.26,8.081,49.28,9.381,26.32,3.889,25.19,3.745,8.35,39.18
"PANTELLERITIC RHYOLITE [18206]",66.96,96.03,205.6,22.05,80.58,16.14,2.237,14.5,2.412,14.58,2.948,8.398,1.262,8.519,1.291,8.35,39.18
"PANTELLERITIC RHYOLITE [17033]",73.18,65,158,19,75.2,16.4,1.8,15,3,20,4.2,14,1.9,13,1.9,43.1,101.085
"PANTELLERITIC RHYOLITE [13004]",70.8,316,549,57.1,211,41.4,4.89,37.7,6.82,38.8,7.59,23,3.46,20.4,2.93,36.7594,11.9994
"PANTELLERITIC RHYOLITE [23064]",69.13,69,162,18,70,12.7,0.64,11.3,1.84,12.1,2.54,8.4,1.33,10.1,1.53,56,93
"PANTELLERITIC RHYOLITE [18206]",72.24,129.013333333333,252.586666666667,25.74,109.026666666667,22.8633333333333,3.94666666666667,21.91,3.49333333333333,23.6733333333333,4.77333333333333,13.8066666666667,1.94933333333333,13.59,2.026,8.97,39.9
"PANTELLERITIC RHYOLITE [21827]",73.13,186,377,47,178,35.4,5.09,32.8,5.8,33.6,6.4,18.1,2.87,18.3,2.59,7,40
"PANTELLERITIC RHYOLITE [7625] / RHYOLITE [13500]",70.8,90,194,22,87,18.7,3.5,16.1,3.13,18.9,4,11,1.78,9.9,1.43,8.12,39.14
"OBSIDIAN [20693]",71.2963554279515,195.525073239256,403.064527769065,45.1876991895201,185.032762193367,37.6926728394723,7.3807091560331,34.063510153977,5.45505564471307,33.2652563053901,6.33881447022265,19.3140712142277,2.82300207025835,18.0731661029105,2.6139347313778,7.77725,38.76988
"PANTELLERITIC RHYOLITE [14188]",67.64,206.35,383.06,39.09,144.27,30.52,4.06,27.65,4.82,26.86,5.35,16.81,2.47,14.54,1.99,36.8183,12.0036
"PANTELLERITIC RHYOLITE [17033]",73.28,67,167,19,92.5,20.13,2,16,3.1,19,4.3,13,2.2,14,2.1,43.1,101.085
"PANTELLERITIC RHYOLITE [11849]",69.25,217.4,471.68,48.6,171.91,30.76,0.53,38.63,1.72,26.91,5.58,12.97,1.91,13.96,1.96,42,128.07
"PANTELLERITIC RHYOLITE [21827]",70.96,242,492,56.1,210,39.4,3.69,34.4,5.9,35.3,7,19.8,2.92,19,2.84,7,40
"PANTELLERITIC RHYOLITE [17033]",73.61,84,178,23,96,22,2.4,21,3.9,25,5.5,16,2.5,16,2.6,43.1,101.085
"PANTELLERITIC RHYOLITE [13004]",68.58,252,463,54.4,179,37.1,5.31,33.5,6.24,34,6.62,20.3,2.95,17.8,2.62,36.7825,11.9864
"PANTELLERITIC RHYOLITE [17345]",67.94,142.8,225.5,33.1,111.4,14.4,1.38,11.81,1.39,7.2,1.3,3.94,0.56,3.79,0.56,50,108
"PANTELLERITIC RHYOLITE [22611]",67.51,207.8,377.6,40.76,145.8,28.48,4.46,26.42,4.42,26.36,5.46,15.25,2.28,14.57,2.1,36.77172,11.956
"PANTELLERITIC RHYOLITE [18206]",72.55,102.5,207.3,24.21,90.92,18.69,3.153,17.24,2.814,16.93,3.319,9.482,1.406,9.363,1.424,8.35,39.18
"PANTELLERITIC RHYOLITE [15775]",70.73,107.5,226.5,27.14,104,23.11,1.549,22.71,3.906,24.54,5.005,14.67,2.263,15.03,2.324,38.67,42.2
"PANTELLERITIC RHYOLITE [22611]",68.78,184.7,344.9,38.45,138.5,26.86,4.2,25.17,4.32,25.91,4.97,15.03,2.16,13.97,1.98,36.76811,11.95942
"PANTELLERITIC RHYOLITE [18206]",67.35,83,166.7,19.05,70.28,14.07,2.094,12.58,2.1,12.74,2.565,7.341,1.119,7.672,1.173,8.35,39.18
"PANTELLERITIC RHYOLITE [17033]",73.74,83,184,24,99,22,2.9,21,4.1,26,5.9,17,2.6,17,2.7,43.1,101.085
"PANTELLERITIC RHYOLITE [14082]",66.52,182,342,37.2,134,27.4,3.95,26.2,4.45,26,4.98,15,2.18,13.6,1.91,36.8,12
"PANTELLERITIC RHYOLITE [18206]",70.54,131,264.8,30.55,113.5,23.08,2.961,21.03,3.512,21.2,4.166,11.92,1.783,11.95,1.822,8.35,39.18
"PANTELLERITIC RHYOLITE [17033]",72.83,50,174,14,56,13,1.7,13,2.5,16,3.6,11,1.8,12,1.8,43.1,101.085
"PANTELLERITIC RHYOLITE [13004]",67.76,206,362,37.6,141,27.7,3.5,24.9,4.44,25,5.03,15.1,2.21,13.4,2.02,36.8044,11.9289
"PANTELLERITIC RHYOLITE [18206]",70.1,132.3,264.5,30.98,116.5,23.51,3.436,21.58,3.494,21.09,4.136,11.8,1.72,11.46,1.744,8.35,39.18
"PANTELLERITIC RHYOLITE [18206]",73.77,112.1,216.5,25.55,96.36,19.23,2.578,17.64,2.919,17.83,3.528,10.09,1.475,9.669,1.449,8.35,39.18
"PANTELLERITIC RHYOLITE [18206]",70.92,100.9,205,23.83,89.26,18.49,2.385,16.23,2.722,16.09,3.183,9.083,1.362,9.075,1.381,8.35,39.18
"PANTELLERITIC RHYOLITE [18206]",71.8602829226247,130.55923919752,250.316921414072,25.9854592634843,121.479884055327,26.3601772014041,6.02409770789182,24.6,4.0383649789923,28.3380850289483,5.28591760348062,16.6752826740863,2.36030951220214,16.1115830852658,2.19767097179178,8.97,39.9
"PANTELLERITIC RHYOLITE [15775]",66.972,96.52,197.4,24.41,93.3,20.58,1.516,20.04,3.467,21.98,4.526,13.24,2.037,13.8,2.092,38.67,42.2
"PANTELLERITIC RHYOLITE [13004]",66.5,173,294,34.2,114,23.5,3.12,19.5,3.79,20.9,3.97,12.8,1.93,11.5,1.65,36.7856,12.0236
"PANTELLERITIC RHYOLITE [18206]",69.41,101.9,199,22.71,82.61,16.69,2.34,15.07,2.55,15.37,3.086,8.88,1.322,8.936,1.349,8.35,39.18
"PANTELLERITIC RHYOLITE [13004]",68.55,227,407,47,154,33.6,4.46,27.7,5.61,31.9,6.26,18.4,2.76,17.5,2.5,36.7928,11.9831
"PANTELLERITIC RHYOLITE [17345]",70.15,131.5,227.2,30.1,100.3,14.2,1.4,11.37,1.19,6.03,0.99,2.96,0.39,2.73,0.37,50,108
"PANTELLERITIC RHYOLITE [17345]",69.14,108.8,205,26.8,83.3,14.5,1.6,13.74,2.24,13.14,2.74,7.99,1.35,8.59,1.39,50,108
"PANTELLERITIC RHYOLITE [18206]",71.39,126.4,251.5,30.01,114.2,23.21,3.408,20.9,3.407,20.53,4.049,11.59,1.689,11.47,1.712,8.35,39.18
"PANTELLERITIC RHYOLITE [14188]",67.83,191,364,41.5,135,26.5,3.8,26.6,4.3,25.2,5,14.6,2.1,13,1.9,36.8,12
"PANTELLERITIC RHYOLITE [22611]",69.22,188.1,352.2,41.91,143,27.72,4.14,25.96,4.44,25.72,5.14,15.65,2.21,13.8,2.07,36.76836,11.96072
"PANTELLERITIC RHYOLITE [13004]",70.22,301,541,60.9,201,41.6,5.14,32.2,6.76,38.1,7.54,22.6,3.43,20.8,2.92,36.7858,11.9611
"OBSIDIAN [20693]",73.2993799209434,149.191964651299,310.90279062804,38.1329219618025,143.027041847317,27.241846943011,5.66867405255711,26.2287651340096,4.39085652933846,25.951597559427,5.19605567375367,14.6922890711978,2.06102695974478,13.370385091523,2.01417328994794,7.77226,38.77032
"PANTELLERITIC RHYOLITE [17033]",71.9,70,179,21,80.8,17.9,2.4,18,3.6,23,4.9,16,2.2,15,2.1,43.1,101.085
"PANTELLERITIC RHYOLITE [18206]",72.86,103.8,212,24.83,93.51,19.07,2.63,17.19,2.841,16.93,3.35,9.558,1.442,9.55,1.459,8.35,39.18
"PANTELLERITIC RHYOLITE [5444]",68.85,269.5,487.7,54.8,192.8,37.77,4.45,41.7,6.3,35.62,7.4,19.64,2.92,17.87,2.67,36.8,12
"IGNIMBRITIC TUFF [5444] / PANTELLERITIC RHYOLITE [7731]",67.98,157.2,291.3,32.28,111.4,21.56,3.14,23.3,3.46,19.32,3.98,10.65,1.61,9.96,1.51,36.78,12
"PANTELLERITIC RHYOLITE [18206]",73.27,129,264.7,30.66,114.8,23.45,2.971,20.68,3.486,21.3,4.196,11.81,1.805,12,1.794,8.35,39.18
"PANTELLERITIC RHYOLITE [13004]",69.63,274,515,58.3,187,38.9,5.04,33.8,6.3,35.9,7.05,21.8,3.13,19.9,2.88,36.8039,11.9611
"PANTELLERITIC RHYOLITE [7625]",71.7,102,220,25.8,104,22.5,4.3,21.9,3.6,23,4.3,12,1.7,11.1,1.6,8.12,39.14
"PANTELLERITIC RHYOLITE [18206]",73.29,131,267.1,31.06,115.3,23.62,2.965,20.83,3.51,21.2,4.252,12,1.83,12.11,1.822,8.35,39.18
"PANTELLERITIC RHYOLITE [13004]",65.43,119,209,23.1,87,18,3.06,15.9,2.94,15.9,3,9.4,1.4,8.37,1.3,36.8194,12
"PANTELLERITIC RHYOLITE [22611]",67.55,213.8,376,43.46,159.4,31.22,4.71,29.4,5,29.41,5.79,17.84,2.59,16.08,2.33,36.81992,11.99858
"PANTELLERITIC RHYOLITE [22611]",69.33,212.2,394.8,42.05,153.7,29.24,4.45,26.92,4.52,26.99,5.6,15.99,2.27,14.93,2.18,36.77423,11.97454
"PANTELLERITIC RHYOLITE [18206]",66.61,86.06,177.9,20.26,75.47,15.19,2.433,13.66,2.255,13.66,2.682,7.631,1.143,7.778,1.215,8.35,39.18
"PANTELLERITIC RHYOLITE [17033]",72.85,41,101,12,49,10,1.3,10,2,13,2.7,9.2,1.3,9.1,1.3,43.1,101.085
"PANTELLERITIC RHYOLITE [18543]",70.18,236,424,47.6,171,34.3,0.3,30,4.6,27.3,5.2,13.5,1.8,12.4,1.6,42,128.05
"PANTELLERITIC RHYOLITE [22406]",70.18,236,424,47.6,33,169,0.3,30,4.6,27.3,5.2,13.5,1.8,12.4,1.6,42,128
"PANTELLERITIC RHYOLITE [18206]",72.38,102.7,207.1,24.21,90.77,18.96,3.226,17.17,2.818,17.04,3.34,9.483,1.411,9.459,1.451,8.35,39.18
"PANTELLERITIC RHYOLITE [18206]",68.34,115.14,229.37,24.67,109.48,23.19,5.81666666666667,22.5633333333333,3.55333333333333,24.1566666666667,4.78333333333333,13.7433333333333,1.90366666666667,12.54,1.87666666666667,8.97,39.9
"PANTELLERITIC RHYOLITE [13004]",69.95,278,511,57.7,192,40.9,5.49,33.2,6.58,37.8,7.44,22.1,3.27,19.8,2.78,36.7817,11.9875
"PANTELLERITIC RHYOLITE [18206]",73.06,129,264.5,30.58,114.5,23.27,2.978,20.73,3.486,21.17,4.22,11.9,1.82,12.08,1.805,8.35,39.18
"PANTELLERITIC RHYOLITE [21827]",73.01,173,364,43.5,170,33.3,4.87,30.5,5.3,30.7,6,16.9,2.56,16.4,2.36,7,40
"PANTELLERITIC RHYOLITE [17033]",72.7,83,187,24,101,23,2.8,23,4.3,28,6,18,2.9,18,2.7,43.1,101.085
"OBSIDIAN [20693]",73.3570941859956,154.926903525353,319.267249594017,36.6701266229483,139.540078059579,25.9555038861553,4.76562200460214,25.0204539534227,3.94749420164283,24.9612846871626,4.91255747096093,14.7519406093262,2.09391298882353,13.4586366460204,1.95606993354654,7.81176,38.7936
"PANTELLERITIC RHYOLITE [18543]",68.35,167,318,33.9,120,24.9,0.3,20.8,3.5,18.9,3.7,9.7,1.4,8.5,1.2,42,128.05
"PANTELLERITIC RHYOLITE [23775]",50.44,99,193,21.4,84,12.7,3.3,8.7,1.2,4.3,0.8,2,0.3,2,0.3,39.4587,46.24037
"RHYOLITE [16964] / NOT GIVEN [24016] / PANTELLERITIC RHYOLITE [21950]",72.7469152825329,70.5202770612466,144.750123698142,17.9039821485419,65.2178790301003,12.709814159409,1.70116635966387,14.4146496142604,2.11058665805357,14.0578085866427,2.56979427522936,8.03851978438181,1.19197736643492,8.45961468698765,1.25479096919044,12.6609,40.4792
"PANTELLERITIC RHYOLITE [21827]",71.6,135,276,31.1,109,22,3.69,18.1,3.2,19.6,3.8,11.3,1.63,11.3,1.67,7,40
"PANTELLERITIC RHYOLITE [18206]",70.25,132.7,269.2,31.41,118.5,24.26,3.106,21.75,3.646,21.92,4.385,12.32,1.876,12.47,1.889,8.35,39.18
"PANTELLERITIC RHYOLITE [17033]",74.18,61,134,18,83.3,18.24,1.7,14,2.9,18,3.9,12,1.9,12,1.9,43.1,101.085
"PANTELLERITIC RHYOLITE [17345]",68.87,110.4,229.6,26.3,82,14.3,1.71,14.06,2.23,14.01,2.82,8.64,1.34,8.32,1.31,50,108
"PANTELLERITIC RHYOLITE [14188]",67.84,204.73,373.9,37.5,134.27,27.9,3.38,24.57,4.43,24.72,4.97,15.49,2.31,13.96,1.91,36.8039,11.9455
"PANTELLERITIC RHYOLITE [7625]",70.48,124,244,27.2,105,21.5,4.1,18.8,3.5,21.6,4.6,13.4,2.16,12.2,1.75,8.04,39.08
"PANTELLERITIC RHYOLITE [14188]",69.73,245,464,53,168,32.8,4.2,31.6,5.3,31,6.1,17.8,2.6,17.3,2.4,36.7486,11.9833
"PANTELLERITIC RHYOLITE [22611]",67.99,191.8,373.2,39.43,138.7,27.11,4.1,24.94,4.21,25.73,5.21,15.08,2.18,13.7,2.01,36.82425,11.98381
"PANTELLERITIC RHYOLITE [17033]",73.48,59,137,17,85.1,18.5,1.7,14,2.8,17,3.8,12,1.8,12,1.8,43.1,101.085
"PANTELLERITIC RHYOLITE [17033]",75.18,54,149,16,76.3,16.92,2.1,14,2.7,16,3.6,11,1.8,11,1.8,43.1,101.085
"PANTELLERITIC RHYOLITE [22885]",65.47,67.4,122,13.7,44.9,7.31,1.02,5.61,0.96,5.48,1.12,3.3,0.546,3.74,0.557,37.0931,-116.6653
"PANTELLERITIC RHYOLITE [13004]",69.63,282,536,58.8,192,41.4,5.05,35.2,6.56,37.6,7.31,22.8,3.32,20.6,2.9,36.7894,11.9764
"PANTELLERITIC RHYOLITE [13004]",67.39,189,359,41.8,137,28.8,4.62,25.6,4.63,27.5,5.43,16.3,2.43,15,2.2,36.7889,12.0389
"PANTELLERITIC RHYOLITE [22611]",68.07,174.5,324.9,36.85,132.1,26.38,4.13,24.54,4.22,24.57,4.68,14.36,2.06,13.46,1.94,36.82456,11.98522
"PANTELLERITIC RHYOLITE [13004]",68.89,235,430,47.7,163,34.9,4.81,28.5,5.75,32.2,6.04,18.3,2.75,16.7,2.3,36.7692,11.9936
"PANTELLERITIC RHYOLITE [7625]",74.82,93,271,25.8,98,22.3,0.74,21.5,4,26.7,5.2,15.6,2.38,16.3,2.38,7.65,38.7
"PANTELLERITIC RHYOLITE [17033]",73.8,85,190,24,101,23,2.6,21,4,25,5.7,16,2.8,17,2.7,43.1,101.085
"PANTELLERITIC RHYOLITE [22611]",69.37,204.7,394.9,41.32,146.2,28.63,4.33,25.87,4.4,26.89,5.39,15.61,2.28,14.55,2.09,36.77479,11.97427
"PANTELLERITIC RHYOLITE [18206]",71.59,147.6,272.4,34.7,131,27.24,3.575,24.66,4.078,24.6,4.825,13.8,2.016,13.4,2.022,8.35,39.18
"PANTELLERITIC RHYOLITE [17033]",71.61,70,171,21,88.4,19.29,2.2,18,3.4,21,4.8,14,2.2,15,2.2,43.1,101.085
"PANTELLERITIC RHYOLITE [14188]",66.79,152,295,33.7,112.5,21.5,3.4,21.5,3.6,19.8,4,11.6,1.6,10.7,1.5,36.8258,12.0126
"OBSIDIAN [20693]",72.6826294414628,124.115551308083,254.54276403969,28.6806743372119,111.6677476485,22.0153285042738,3.63731710968874,20.5116194723796,3.19843472845814,20.0133808267605,3.86895410098436,11.47947550936,1.67139208816345,11.2841710001233,1.5640026357697,7.7496,38.80618
"PANTELLERITIC RHYOLITE [17033]",75.72,103,226,29,118,26,2.4,25,4.8,31,7.2,20,3.4,21,3.5,43.1,101.085
"PANTELLERITIC RHYOLITE [13004]",70.44,299.2,515.53,53.68,200.86,39.56,4.86,36.13,6.61,36.78,7.4,22.03,3.36,19.51,2.84,36.8121,12.0174
