"LATITUDE.MIN","LONGITUDE.MIN","ROCK.NAME","LA.PPM.","CE.PPM.","PR.PPM.","ND.PPM.","SM.PPM.","EU.PPM.","GD.PPM.","TB.PPM.","DY.PPM.","HO.PPM.","ER.PPM.","TM.PPM.","YB.PPM.","LU.PPM."
56,14,"NEPHELINITE [19997]",74.4,140,15.7,57.1,9.83,2.97,8.79,1.17,6.07,1.1,2.95,0.38,2.28,0.36
14.83,-24.68,"NEPHELINITE [20286]",55.357741845161,138.859866329283,16.8188813764468,67.859412865792,13.087442773735,4.08262030028482,11.1723647953836,1.39335715575658,8.28344679859758,1.38654650067798,3.87816263448728,0.458216660179089,3.16800208532584,0.444367472372149
14.83,-24.68,"NEPHELINITE [20286]",67.5263999835675,133.701386558443,15.128929590289,58.8223363525053,10.2900427000756,3.07982575088203,7.93429216623546,1.20427514589277,5.60537842428593,1.18990092224162,3.44700458992117,0.431384242878835,2.57514342052649,0.440749680452859
14.83,-24.68,"NEPHELINITE [20286]",54.2511475079559,111.489073638511,12.318391035194,46.8915621197107,9.27103794840222,2.88837248469801,7.77279025291415,1.17845335252859,6.6692921674716,1.20302886437126,3.06108924330147,0.356785235172968,2.39000937377856,0.346643850315344
14.83,-24.68,"NEPHELINITE [20286]",51.1711355361298,142.690629757237,18.271405548864,74.8896611737764,12.2329710820201,3.40550518480632,8.37004351503692,0.927229781719743,4.23221786491212,0.672843592233604,1.47367508759439,0.183235760219566,0.961845577246553,0.137604200818621
14.83,-24.68,"NEPHELINITE [20286]",96.2290998745583,186.850841240546,20.8138869791892,83.8105007750005,15.3992072701114,4.5493324172235,12.7807619051333,1.68873677774474,9.32789239532796,1.77701218134822,4.81717302065755,0.569451333625202,3.04825486381455,0.517036861732163
14.83,-24.68,"NEPHELINITE [20286]",88.2202855284568,198.471875399477,23.161841350451,90.9462195326517,16.5432220536006,4.74760983647256,12.0570552281287,1.49812989544571,8.07003690872077,1.48974345356376,3.71582590540094,0.40362636191498,2.53335465606747,0.32765432050842
-19.41,47.2,"NEPHELINITE, OLIVINE [20343]",69.3,129,14.1,53.4,9.6,3,7.3,1,4.7,0.8,2,0.3,1.5,0.2
-19.41,47.2,"NEPHELINITE, OLIVINE [20343]",65.1,126,14.1,52.9,9.5,2.9,7.5,0.9,4.6,0.8,1.9,0.2,1.3,0.2
-19.41,47.2,"NEPHELINITE, OLIVINE [20343]",85.8,154,17.1,62.6,10.5,3.4,8.4,1.2,5.7,1,2.4,0.3,1.7,0.2
-19.41,47.2,"NEPHELINITE, OLIVINE [20343]",81.1,153,16.5,62.2,10.8,3.3,8.4,1.1,5.1,0.9,2.1,0.3,1.6,0.2
-19.41,47.2,"NEPHELINITE, OLIVINE [20343]",62.1,118,13,49.9,9.4,3,7.9,1.1,5.3,0.9,2.2,0.3,1.6,0.3
21.34,-157.85,"NEPHELINITE, MELILITE [20349]",69.7,144,17.4,70.2,14.4,4.39,11.7,1.47,6.22,0.906,1.9,0.2,1.08,0.14
21.34,-157.85,"NEPHELINITE, MELILITE [20349]",73,152,18.5,74.7,15.4,4.63,12.6,1.58,6.67,0.97,2.04,0.21,1.17,0.152
21.34,-157.85,"NEPHELINITE, MELILITE [20349]",71.1,147,17.9,72.1,14.8,4.53,12.1,1.51,6.38,0.926,1.95,0.2,1.11,0.146
21.34,-157.85,"NEPHELINITE, MELILITE [20349]",70,145,17.6,70.9,14.6,4.44,11.9,1.5,6.35,0.928,1.95,0.21,1.12,0.145
21.34,-157.85,"NEPHELINITE, MELILITE [20349]",72.1,149,18.1,72.8,14.9,4.56,12.2,1.54,6.46,0.931,1.95,0.2,1.11,0.146
21.34,-157.85,"NEPHELINITE, MELILITE [20349]",71.5,149,18.1,73.3,15.1,4.61,12.3,1.54,6.44,0.937,1.95,0.2,1.13,0.146
21.34,-157.85,"NEPHELINITE, MELILITE [20349]",73.8,152,18.5,74.5,15.3,4.62,12.5,1.57,6.65,0.965,2.01,0.21,1.15,0.151
21.34,-157.85,"NEPHELINITE, MELILITE [20349]",69.7,145,17.5,70.7,14.5,4.42,11.9,1.49,6.28,0.915,1.91,0.2,1.09,0.141
21.34,-157.85,"NEPHELINITE, MELILITE [20349]",71.7,149,18,72.7,15,4.56,12.2,1.52,6.43,0.934,1.95,0.2,1.12,0.143
21.34,-157.85,"NEPHELINITE, MELILITE [20349]",71.1,144,18,73.8,14.9,4.61,11.8,1.49,6.37,0.939,1.79,0.21,1.08,0.141
21.34,-157.85,"NEPHELINITE, MELILITE [20349]",73.1,151,18.3,73.6,15.2,4.63,12.3,1.55,6.57,0.954,1.99,0.21,1.14,0.148
21.34,-157.85,"NEPHELINITE, MELILITE [20349]",66.8,139,17.1,69.5,14.3,4.34,11.6,1.43,5.97,0.851,1.74,0.18,0.95,0.122
21.34,-157.85,"NEPHELINITE, MELILITE [20349]",71.4,148,18.1,73.3,15,4.55,12.2,1.52,6.35,0.915,1.89,0.2,1.06,0.137
21.34,-157.85,"NEPHELINITE, MELILITE [20349]",69.5,143,17.4,70.4,14.4,4.4,11.7,1.48,6.25,0.912,1.91,0.2,1.1,0.141
21.34,-157.85,"NEPHELINITE, MELILITE [20349]",74.2,153,18.6,75,15.4,4.68,12.5,1.56,6.58,0.941,1.95,0.2,1.08,0.137
21.34,-157.85,"NEPHELINITE, MELILITE [20349]",73.4,151,18.1,72.8,15,4.63,12.2,1.54,6.49,0.939,1.94,0.2,1.07,0.134
21.34,-157.85,"NEPHELINITE, MELILITE [20349]",70.3,145,17.5,70.9,14.6,4.48,12,1.5,6.37,0.93,1.96,0.21,1.12,0.144
21.34,-157.85,"NEPHELINITE, MELILITE [20349]",133,295,31.9,129,27.5,8.44,23.2,3.1,13.8,2.08,4.45,0.5,2.72,0.356
53,90,"NEPHELINITE [20388]",44.5,94.6,10.9,45.4,8.48,2.47,8.3,1.16,7.17,1.46,4.27,0.62,4.13,0.65
53,90,"NEPHELINITE [20388]",30.4,69.1,8,35.4,7.04,2.24,7.4,1.06,6.54,1.34,4.09,0.55,3.76,0.57
53,90,"NEPHELINITE [20388]",47.8,95.6,10,37.6,6.55,2.12,6.2,0.92,6,1.31,4.39,0.62,4.3,0.63
-4.43,35.4,"NEPHELINITE [20478]",143,206,20.3,66.7,11.1,3.88,9.06,1.27,6.41,1.18,3.04,0.44,2.47,0.36
-4.43,35.4,"NEPHELINITE [20478]",85.1,123,12.2,41.2,7.76,2.43,6.91,1.01,5.66,1.06,2.65,0.4,2.23,0.32
-4.43,35.4,"NEPHELINITE [20478]",125,173,16.7,55.5,9.8,3.08,8.78,1.25,6.88,1.32,3.34,0.5,2.78,0.4
-4.43,35.4,"NEPHELINITE [20478]",86.7,126,12.3,41.2,7.12,2.26,6.28,0.88,4.73,0.91,2.29,0.35,1.99,0.31
-4.43,35.4,"NEPHELINITE [20478]",85.9,124,12.1,39.5,6.91,2.24,6.04,0.85,4.62,0.89,2.2,0.33,1.95,0.29
-4.43,35.4,"NEPHELINITE [20478]",95.9,161,16.7,56.6,9.23,2.45,7.07,0.97,4.52,0.81,1.97,0.29,1.69,0.24
-4.43,35.4,"NEPHELINITE [20478]",119,166,15.7,50.6,8.33,2.48,7.15,1.01,5.35,1.02,2.51,0.39,2.3,0.34
-4.43,35.4,"NEPHELINITE [20478]",111,154,14.4,45.9,7.53,2.23,6.41,0.92,4.75,0.91,2.32,0.36,1.98,0.31
16.5,-24,"NEPHELINITE [12587] / NOT GIVEN [6595]",51,99,11.8,48,8.4,2.86,7.84,1.04,5.53,0.959,2.21,0.299,1.8,0.295
16.5,-24,"NEPHELINITE [12587] / NOT GIVEN [6595]",58,114,13.2,54,9.6,3.22,8.52,1.17,6.16,1.145,2.56,0.353,2.18,0.315
22,74.08,"NEPHELINITE [19219]",133.96,287.07,30.19,107.49,19.82,5.64,16.34,2.53,12.89,2.37,6.7,0.91,5.37,0.72
22,74.08,"NEPHELINITE [19219]",181.69,353.41,34.48,112.63,16.31,4.36,11.24,1.54,7.42,1.31,3.73,0.52,3.22,0.48
38.9,-3.67,"NEPHELINITE [20714]",101.75,185.15,24.15,85.68,14.79,4.24,12.46,1.62,7.87,1.33,3.23,0.41,2.27,0.31
38.9,-3.67,"NEPHELINITE [20714]",79.67,154.05,18.94,67.25,11.71,3.37,9.73,1.26,6.11,1.02,2.46,0.31,1.73,0.24
38.9,-3.67,"NEPHELINITE [20714]",80.47,204.43,18.24,63.48,10.99,3.14,9.05,1.2,5.85,0.97,2.32,0.3,1.69,0.23
73,102,"NEPHELINITE, MELILITE [21006]",164,305,30.7,100,12.2,3.5,8.6,0.88,4.02,0.638,1.41,0.167,1.09,0.144
73,102,"NEPHELINITE, ANALCIME [21006]",262,467,50.2,171,21.5,5.9,16.6,1.68,7.63,1.22,2.79,0.345,2.1,0.265
73,102,"NEPHELINITE, MELILITE [21006]",185,341,37,126,16,4.31,11.5,1.18,5.24,0.84,1.75,0.197,1.35,0.17
73,102,"NEPHELINITE, OLIVINE [21006]",215,374,39.6,136,18,4.9,14.4,1.53,7.18,1.19,2.69,0.338,2.08,0.274
50.2778,13.014,"NEPHELINITE [21063]",57.3,125.2,15.2,58.8,10.1,2.97,7.59,0.95,4.97,0.83,2.09,0.25,1.6,0.21
50.3,13.023,"NEPHELINITE [21063]",116.6,245.1,27.96,104.4,16.92,4.74,12.55,1.55,8.07,1.36,3.44,0.42,2.61,0.35
39,-4,"NEPHELINITE [21540]",73.45,134.6,15.66,58.32,10.52,2.786,9.356,1.223,5.814,0.78,2.155,0.303,1.688,0.232
39,-4,"NEPHELINITE [21540]",52.69,97.97,11.55,44.88,8.333,2.144,7.328,0.942,4.485,0.589,1.592,0.211,1.194,0.149
39,-4,"NEPHELINITE [21540]",60.48,114.1,13.34,51.21,9.583,2.558,8.432,1.105,5.278,0.696,1.901,0.254,1.425,0.187
39,-4,"NEPHELINITE [21540]",56.98,107.3,12.28,48.03,8.99,2.347,7.949,1.031,4.949,0.654,1.783,0.24,1.353,0.173
39,-4,"NEPHELINITE [21540]",72.95,136.8,15.52,58.17,10.54,2.805,9.296,1.213,5.83,0.776,2.145,0.303,1.679,0.23
39,-4,"NEPHELINITE [21540]",41.47,82.84,9.48,37.03,7.148,1.856,6.417,0.861,4.235,0.575,1.593,0.219,1.267,0.166
39,-4,"NEPHELINITE [21540]",85.04,155.7,17.29,65.1,11.66,3.076,10.29,1.343,6.396,0.851,2.356,0.329,1.847,0.255
39,-4,"NEPHELINITE [21540]",74.73,135.9,15.17,56.44,10.12,2.638,8.932,1.163,5.583,0.743,2.05,0.284,1.588,0.218
30.144,-28.637,"NEPHELINITE [21557]",40.62,93.82,11.87,54.47,11.8,3.83,10.17,1.29,6.71,1.11,2.44,0.3,1.83,0.23
30.144,-28.637,"NEPHELINITE [21557]",38.82,83.59,10.99,50.55,11.09,3.66,10.11,1.28,6.73,1.12,2.53,0.29,1.82,0.23
29.5086,-28.2877,"NEPHELINITE [21557]",39.83,86.75,11.1,48.03,10.14,3.27,9.25,1.31,6.74,1.13,2.97,0.38,2.06,0.3
29.5086,-28.2877,"NEPHELINITE [21557]",39.61,86.21,10.96,48.04,9.98,3.21,9.11,1.25,6.6,1.05,2.79,0.38,2.03,0.31
14.9,-24.3,"NEPHELINITE [5653]",81.2,155.4,18.3,70.3,13.8,4.4,13.4,1.7,8.4,1.2,3.5,0.4,2.2,0.3
14.9,-24.3,"NEPHELINITE [5653]",569,113.5,13.8,54.7,10.9,3.5,10.5,1.3,6.3,1,2.7,0.3,1.7,0.2
14.9,-24.3,"NEPHELINITE [5653]",295.1,471.5,62.9,79.9,12.6,3.4,21.9,1.6,7.7,1.2,3.3,0.4,2.3,0.3
14.9,-24.3,"NEPHELINITE [5653]",70.8,138.5,16.9,66.9,13.1,4.2,12.7,1.7,8.1,1.3,3.5,0.4,2.2,0.3
14.9,-24.3,"NEPHELINITE [5653]",117.7,216.8,24.8,93.8,17.4,5.6,17.3,2.3,10.8,1.7,4.6,0.5,3.1,0.4
14.9,-24.3,"NEPHELINITE [5653]",55.9,110.2,12.7,52.3,10.1,2.7,10,1.3,6.4,1.1,2.9,0.3,2.1,0.3
14.9,-24.3,"NEPHELINITE [5653]",54.2,111.3,13.6,54.2,10.4,3.4,10,1.3,6,0.9,2.4,0.3,1.6,0.2
73,102,"NEPHELINITE [21799]",186,385,43,153,20.1,5.7,15,1.56,7.08,1.14,2.6,0.31,2.04,0.27
73,102,"NEPHELINITE [21799]",227,407,44,145,17.8,5.2,13.3,1.36,6.07,1,2.11,0.26,1.6,0.21
73,102,"NEPHELINITE [21799]",367,708,76,251,30.8,8.6,21.7,2.16,9.55,1.49,3.1,0.35,2.05,0.25
73,102,"NEPHELINITE [21968]",111,203,21.1,66.5,10.5,2.8,9.04,0.867,3.99,0.685,1.5,0.181,0.963,0.163
72,101,"NEPHELINITE [21968]",39.4,77.1,9.71,36.1,7.11,2.08,5.53,0.736,3.65,0.671,1.59,0.234,1.26,0.183
68,-32,"NEPHELINITE [5944]",193,434,53.6,205,35.4,9.14,26.6,2.98,13.2,1.87,4.23,0.46,2.69,0.33
50.2524,10.5941,"NEPHELINITE, MELILITE-OLIVINE [22454]",109.1797,208.097,23.8017,88.5192,14.3277,4.4688,11.8834,1.5548,8.0913,1.3236,3.0881,0.3622,1.7322,0.2382
50.2493,10.5907,"NEPHELINITE, MELILITE-OLIVINE [22454]",109.2708,208.1251,23.8826,88.2697,14.4527,4.5514,12.1775,1.5984,8.5001,1.3998,3.3059,0.4062,1.8912,0.2624
50.1741,10.4488,"NEPHELINITE, MELILITE-OLIVINE [22454]",80.4952,146.1607,16.8205,65.4647,11.117,3.5446,9.4809,1.2284,6.4497,1.0939,2.5363,0.3005,1.4842,0.1987
50.1499,10.5671,"NEPHELINITE, OLIVINE [22454]",75.2615,146.7719,16.7587,63.9166,11.1702,3.5251,9.3136,1.229,6.3508,1.024,2.4775,0.2742,1.3995,0.1884
50.253,10.5822,"NEPHELINITE, OLIVINE [22454]",62.4166,125.2259,15.1147,59.0859,9.792,3.2451,8.8968,1.1774,6.1458,1.0167,2.3557,0.286,1.3248,0.1799
50.253,10.5822,"NEPHELINITE, OLIVINE [22454]",95.9662,181.8842,20.6052,76.6047,12.5135,3.9653,10.5799,1.4241,7.514,1.2537,3.1051,0.3785,1.8383,0.2524
50.2445,10.5751,"NEPHELINITE, OLIVINE [22454]",89.1093,167.836,19.2058,73.0357,12.1161,3.8751,10.3566,1.3597,7.2397,1.2431,2.9792,0.3576,1.7752,0.2448
50.1191,10.5474,"NEPHELINITE, OLIVINE [22454]",81.5646,154.3026,17.748,66.9855,11.2268,3.5293,9.4502,1.1992,6.48,1.0774,2.6348,0.3314,1.6669,0.238
50.1832,10.5784,"NEPHELINITE, OLIVINE [22454]",86.2479,168.0006,19.2993,72.69,12.4391,3.848,10.3254,1.3605,7.1014,1.2072,2.8398,0.3265,1.7089,0.2347
50.2428,10.5833,"NEPHELINITE, OLIVINE [22454]",82.6284,157.6201,17.8055,66.866,11.9261,3.6333,9.5262,1.2307,6.3262,1.0606,2.4649,0.2914,1.5412,0.2052
50.3366,10.7273,"NEPHELINITE, MELILITE-OLIVINE [22454]",83.5152,147.0605,15.3811,55.4114,10.0755,3.0923,8.0453,1.0617,5.5337,0.9919,2.4332,0.3096,1.829,0.2548
50.1631,10.5704,"NEPHELINITE, OLIVINE [22454]",74.6968,148.4114,17.0649,65.3949,11.2937,3.5122,9.4335,1.2393,6.6341,1.088,2.6145,0.3098,1.5464,0.2096
48.0967,7.6679,"NEPHELINITE [22482]",58.6361809045226,106.817420435511,11.5666666666667,44.0381909547739,8.0713567839196,2.45391731952339,6.63220636842757,0.802487406765555,4.12110552763819,0.703350083752094,1.68051036422154,0.196314907872697,1.19145728643216,0.167001675041876
48.0934,7.6748,"NEPHELINITE, OLIVINE [22482]",53.431256181998,102.486976590834,11.0196175403891,41.7695351137488,7.60237388724036,2.33319605094754,6.26855194226978,0.760479074789562,3.91543026706231,0.669469172436532,1.59273174145131,0.18628420705572,1.13996043521266,0.158424002637652
37.3,14.85,"NEPHELINITE [8263] / NOT GIVEN [8262]",141,286,33,120,19,5.1,14,1.4,7.9,1.3,3.3,0.39,3,0.44
27.3,88.3,"NEPHELINITE [22901]",95,179,24.3,91,15.6,4.22,10.7,1.27,5.72,0.96,2.14,0.26,1.5,0.16
34.7902,-14.588,"NEPHELINITE [8659] / NOT GIVEN [15508]",76.3,150,17.5,70.8,13.6,3.91,11,1.41,7.21,1.21,2.83,0.34,1.81,0.24
35,120,"NEPHELINITE [23106]",71.5,133,15.3,61.3,12.4,3.91,10.2,1.46,7.24,1.17,2.74,0.329,1.71,0.227
35,120,"NEPHELINITE [23106]",73.7,137,15.4,61.4,12.5,3.94,10.5,1.46,7.5,1.17,2.76,0.321,1.72,0.23
35,120,"NEPHELINITE [23106]",72.1,133,15.2,59.8,12.4,3.96,10.5,1.45,7.38,1.16,2.79,0.315,1.78,0.225
35,120,"NEPHELINITE [23106]",71.2,133,15.1,60.2,12.5,3.87,10.4,1.44,7.38,1.17,2.75,0.331,1.72,0.226
35,120,"NEPHELINITE [23106]",70.7,133,14.9,60.1,12.5,3.88,10.4,1.44,7.32,1.15,2.78,0.324,1.79,0.226
54.4837,-126.4993,"CALC-ALKALI BASALT [8898] / NEPHELINITE [8858]",43,89.5,11.1,44.51,8.33,2.18,6.43,0.86,4.89,0.93,2.56,0.37,2.36,0.38
54.464,-126.3347,"THOLEIITIC BASALT [8898] / NEPHELINITE [8858]",31.9,66.4,8.27,31.92,6.29,1.94,6.14,0.9,5,0.95,2.53,0.36,2.38,0.36
37.34945,15.027056,"NEPHELINITE [22234]",102,204,22.6,84.2,14.1,4.1,10,1.3,6.2,1.1,2.8,0.4,2.2,0.3
37.271722,14.728556,"NEPHELINITE [22234]",82.8,152,16.5,61.3,11.1,3.4,9.2,1.2,6,1.1,2.8,0.4,2.1,0.3
21.9214,-101.1972,"NEPHELINITE [23251]",28.8,61.7,8.38,37.4,8.53,2.54,7.6,1.15,6.72,1.24,3.47,0.48,2.83,0.39
21.7792,-101.0531,"NEPHELINITE [23251]",16.5,37,4.85,22.1,5.11,1.79,5.36,0.84,5.65,1.05,2.85,0.4,2.84,0.4
-2.754,35.8714,"NEPHELINITE [23530]",88.4,167,18.6,68.9,12,3.65,10,1.3,6.8,1.2,3.1,0.41,2.4,0.34
-2.754,35.8714,"NEPHELINITE [23530]",89,169,18.8,69.1,12.3,3.79,9.9,1.4,7.1,1.2,3.1,0.4,2.3,0.35
-2.7333,35.95,"NEPHELINITE, WOLLASTONITE [23530]",78.1,103,9.92,32.4,6.2,2.09,6.3,0.9,5.3,1,2.9,0.41,2.5,0.4
-2.7333,35.95,"NEPHELINITE, WOLLASTONITE [23530]",77.5,102,9.8,31.6,6,2.03,6.2,0.9,5.3,1,2.7,0.39,2.5,0.39
-26.5,16,"NEPHELINITE [23583]",85.2,167,18.8,70.4,10.8,3.27,8.8,1.14,5.64,1.02,2.46,0.32,1.92,0.28
-26.5,16,"NEPHELINITE [23583]",58.6,117,13.2,50.9,8.44,2.59,7.27,0.99,5.12,0.95,2.34,0.33,1.9,0.28
-26.5,16,"NEPHELINITE [23583]",60.2,117,13,50.1,8.38,2.63,7.38,1,5.22,0.99,2.43,0.34,2.01,0.3
-26.5,16,"NEPHELINITE [23583]",61,120,13.1,50.6,8.44,2.61,7.4,1.01,5.24,1,2.49,0.34,2.04,0.31
-26.5,16,"NEPHELINITE [23583]",59.4,117,13,49.9,8.53,2.59,7.1,0.98,4.98,0.94,2.3,0.32,1.93,0.28
-26.5,16,"NEPHELINITE [23583]",58.3,115,12.7,48.6,8.19,2.53,6.92,0.94,4.82,0.91,2.2,0.31,1.8,0.26
-26.5,16,"NEPHELINITE [23583]",59.2,116,12,47.3,7.8,2.61,6.98,0.93,4.77,0.86,2.24,0.29,1.84,0.26
-26.5,16,"NEPHELINITE [23583]",67,148,17.5,67.8,10.3,3.02,8.1,1.02,4.94,0.89,2.16,0.28,1.68,0.24
-26.5,16,"NEPHELINITE [23583]",51.8,116,13.9,54.6,8.73,2.5,6.6,0.87,4.21,0.76,1.82,0.24,1.48,0.21
-26.5,16,"NEPHELINITE [23583]",92.8,186,20.3,78.4,11.3,3.37,8.66,1.06,5.37,0.96,2.38,0.31,1.92,0.26
-26.5,16,"NEPHELINITE [23583]",105,198,20.6,77.4,11.2,3.36,8.61,1.11,5.62,1,2.53,0.33,2.07,0.29
-26.5,16,"NEPHELINITE [23583]",148,278,31.6,114,15.8,4.63,12.2,1.57,7.7,1.41,3.45,0.48,2.83,0.42
-26.5,16,"NEPHELINITE [23583]",147,278,31.6,113,16.1,4.6,11.9,1.57,7.63,1.4,3.42,0.47,2.83,0.42
-26.5,16,"NEPHELINITE [23583]",147,280,31.5,113,15.9,4.62,12,1.55,7.57,1.4,3.37,0.47,2.8,0.42
-26.5,16,"NEPHELINITE [23583]",146,277,30.9,111,15.6,4.46,11.7,1.53,7.54,1.38,3.31,0.47,2.78,0.42
-26.5,16,"NEPHELINITE [23583]",150,283,31.9,114,16,4.5,12,1.53,7.41,1.36,3.32,0.46,2.73,0.41
-26.5,16,"NEPHELINITE [23583]",148,281,31.8,114,16.2,4.6,12.1,1.57,7.62,1.39,3.39,0.47,2.77,0.41
-26.5,16,"NEPHELINITE [23583]",145,271,29.7,111,15.3,4.55,11.7,1.46,7.37,1.33,3.36,0.44,2.74,0.38
-26.5,16,"NEPHELINITE [23583]",145,271,29.6,110,15.4,4.57,11.8,1.48,7.5,1.36,3.49,0.47,2.84,0.4
-26.5,16,"NEPHELINITE [23583]",95.4,179,18.8,72.3,11.3,3.44,9.2,1.16,6.01,1.09,2.68,0.35,2.16,0.3
-26.5,16,"NEPHELINITE [23583]",100,190,19.9,76.9,11.7,3.62,9.29,1.19,6.12,1.08,2.72,0.36,2.22,0.31
-26.5,16,"NEPHELINITE [23583]",96.1,180,18.9,73.5,11.1,3.47,9.15,1.17,5.89,1.08,2.64,0.34,2.11,0.29
-26.5,16,"NEPHELINITE [23583]",96.2,181,19,73.2,11.3,3.52,9.1,1.16,6.01,1.06,2.68,0.35,2.17,0.3
-20.33,57.5,"BASALT [7878] / BASANITE [8382] / NEPHELINITE [1337]",30.56,59.64,7.74,31.58,6.67,2.09,6.46,0.99,5.03,0.93,2.17,0.31,1.72,0.25
-20.33,57.5,"BASANITE [8382] / NEPHELINITE [1337]",39.9,76.2,9.51,38.9,8.16,2.63,7.94,1.14,5.63,1,2.3,0.29,1.77,0.24
33.2778,-5.1036,"NEPHELINITE [23701]",103.31,196.31,21.34,77.53,12.87,3.85,9.72,1.23,6.48,1.17,2.83,0.36,2.34,0.35
33.2778,-5.1036,"NEPHELINITE [23701]",105.38,200.09,21.69,78.61,13.12,3.89,9.76,1.26,6.61,1.19,2.89,0.37,2.37,0.35
33.2778,-5.1036,"NEPHELINITE [23701]",108,199,21.8,79.6,13.3,3.95,10,1.29,6.83,1.23,3,0.38,2.42,0.34
9,41.5,"NEPHELINITE [23801]",109.39,200.09,23.54,88.98,15.21,4.17,11.75,1.48,7.55,1.33,3.23,0.41,2.4,0.34
9,41.5,"NEPHELINITE [23801]",81.32,159.65,18.34,68.74,11.88,3.4,9.08,1.15,5.81,1.03,2.46,0.3,1.84,0.25
-2.7528,35.9161,"FOIDITE [9728]",106,151,14.3,47.9,9.3,3.1,9.1,1.38,7.99,1.53,4.22,0.62,3.08,0.56
-2.7517,35.9127,"FOIDITE [9728]",148,209,19.2,60,8.7,2.6,6.9,0.92,4.78,0.83,2.29,0.34,2.21,0.35
-2.7528,35.9161,"FOIDITE [9728] / NEPHELINITE [18179]",202,276,25.2,75,10,2.8,7.4,0.95,4.68,0.81,2.27,0.34,2.28,0.35
-2.7346,35.9502,"MELILITITE [9728]",84,119,11.3,37.1,6.4,2.1,5.9,0.85,4.67,0.85,2.31,0.33,2.06,0.31
44.41,104.05,"NEPHELINITE [24199]",249.6,546.2,70.8,284.07,37.88,7.1,22.4,2.2,9.1,1.5,3.6,0.4,2.6,0.4
44.41,104.05,"NEPHELINITE [24199]",234,513,67,254,35,7.7,21,2.1,7.7,1.26,3.2,0.4,2.6,0.36
-18.9282833333333,-159.757283333333,"NEPHELINITE [24409]",83.2092088075759,161.057927211184,17.2832699822622,66.0872026239911,13.2858861818037,4.16088096766546,11.1187441402002,1.49417241488222,7.34826644192631,1.1984652190819,2.54509571000908,0.302300483828931,1.62777062233588,0.219815312162052
-18.83205,-159.774383333333,"NEPHELINITE [24409]",115.834393510253,213.912875669421,22.022904602213,80.8355982619658,15.3312136215396,4.67495760637229,12.525722584058,1.71586905353958,8.55558735051966,1.39814579239787,2.94495395965719,0.348194005781407,1.84500285568568,0.245902716950417
18.87166667,46.66102778,"NEPHELINITE [24698]",95,193,23,89,17,4.9,13,1.73,8.74,1.49,3.26,0.41,2.29,0.31
18.87166667,46.66102778,"NEPHELINITE [24698]",97,207,26,105,20,6.11,16,2.09,10.63,1.78,3.95,0.49,2.68,0.38
18.87166667,46.66102778,"NEPHELINITE [24698]",94,201,25,101,20,5.93,15,2.03,10.04,1.69,3.69,0.46,2.5,0.34
18.87166667,46.66102778,"NEPHELINITE [24698]",64,132,16,65,13,3.97,10,1.4,7,1.18,2.68,0.33,1.82,0.25
18.87166667,46.66102778,"NEPHELINITE [24698]",86,182,23,91,18,5.36,14,1.83,9.25,1.53,3.47,0.43,2.3,0.31
18.87166667,46.66102778,"NEPHELINITE [24698]",113,224,26,101,18,5.43,14,1.87,9.58,1.64,3.81,0.49,2.73,0.38
18.87166667,46.66102778,"NEPHELINITE [24698]",74,151,18,69,13,3.97,10,1.38,7.04,1.2,2.69,0.34,1.89,0.26
18.87166667,46.66102778,"NEPHELINITE [24698]",90,182,22,84,16,4.7,12,1.62,8.21,1.42,3.24,0.41,2.28,0.32
18.87166667,46.66102778,"NEPHELINITE [24698]",81,169,21,80,15,4.65,12,1.62,8.19,1.42,3.2,0.4,2.22,0.31
18.87166667,46.66102778,"NEPHELINITE [24698]",102,215,27,106,20,6.05,15,2.06,10.54,1.77,3.93,0.49,2.62,0.37
18.87166667,46.66102778,"NEPHELINITE [24698]",104,211,25,97,18,5.37,14,1.85,9.49,1.62,3.64,0.47,2.55,0.36
18.87166667,46.66102778,"NEPHELINITE [24698]",79,162,19,75,14,4.27,11,1.5,7.39,1.26,2.8,0.35,1.9,0.28
18.87166667,46.66102778,"NEPHELINITE [24698]",69,143,17,68,13,4.01,11,1.41,7.32,1.2,2.78,0.34,1.93,0.27
18.87166667,46.66102778,"NEPHELINITE [24698]",70,145,18,70,14,4.09,11,1.43,7.45,1.25,2.85,0.34,1.96,0.26
18.87166667,46.66102778,"NEPHELINITE [24698]",78,167,21,88,18,5.31,14,1.84,9.28,1.55,3.39,0.41,2.22,0.31
18.87166667,46.66102778,"NEPHELINITE [24698]",84,181,23,96,19,5.78,15,1.99,10.07,1.66,3.62,0.43,2.33,0.32
18.87166667,46.66102778,"NEPHELINITE [24698]",67,138,17,66,13,3.97,10,1.4,7,1.17,2.64,0.33,1.77,0.25
18.87166667,46.66102778,"NEPHELINITE [24698]",66,136,17,66,13,3.97,10,1.36,6.87,1.14,2.63,0.32,1.78,0.24
18.87166667,46.66102778,"NEPHELINITE [24698]",97,196,23,89,17,5.04,13,1.74,8.6,1.44,3.3,0.41,2.28,0.33
18.87166667,46.66102778,"NEPHELINITE [24698]",61,130,17,67,14,4.29,11,1.5,7.5,1.25,2.76,0.35,1.88,0.27
37,14.67,"NOT GIVEN [10241]",143,280,30,119,18.6,5.43,15.1,2,8.4,1.48,4.1,0.5,2.8,0.5
37.4032,121.2315,"NEPHELINITE [24902]",67.8,126.7,14.56,57,11.02,3.4,9.51,1.25,6.09,0.98,2.22,0.25,1.35,0.17
37.4032,121.2315,"NEPHELINITE [24902]",66.9,124.3,14.21,55.8,10.87,3.31,9.36,1.24,6.05,0.97,2.19,0.26,1.39,0.17
37.4032,121.2315,"NEPHELINITE [24902]",62.2,115.8,13.24,52.5,10.32,3.17,8.86,1.18,5.61,0.88,2.01,0.22,1.18,0.14
37.4032,121.2315,"NEPHELINITE [24902]",73.9,136.2,15.62,61.6,11.79,3.62,10.15,1.34,6.44,1.03,2.29,0.26,1.39,0.17
37.4032,121.2315,"NEPHELINITE [24902]",73.8,136.9,15.62,61.2,11.78,3.65,10.16,1.33,6.46,1.02,2.28,0.26,1.34,0.17
37.4032,121.2315,"NEPHELINITE [24902]",85.2,157.9,18.22,71.6,13.62,4.14,11.52,1.47,6.9,1.07,2.31,0.24,1.26,0.15
37.4032,121.2315,"NEPHELINITE [24902]",73.5,136.4,15.66,61.4,11.75,3.61,10.16,1.33,6.39,1.02,2.27,0.25,1.36,0.17
37.4032,121.2315,"NEPHELINITE [24902]",74.1,137.3,15.69,61.6,11.74,3.61,10.11,1.32,6.36,1.01,2.24,0.25,1.34,0.16
37.3,120.83,"NEPHELINITE, OLIVINE [25196]",95.7983193277311,184,19.6,78.1,14.7,4.07,11.8,1.54,7.24,1.11,2.59,0.263,1.46,0.178
37.3,120.83,"NEPHELINITE, OLIVINE [25196]",96.6386554621849,189,20.2,79.2,15.1,4.19,12.1,1.58,7.37,1.13,2.63,0.27,1.49,0.179
37.3,120.83,"NEPHELINITE, OLIVINE [25196]",97.4789915966387,188,20.2,79.9,15.1,4.15,12.1,1.59,7.33,1.13,2.6,0.27,1.5,0.183
37.3,120.83,"NEPHELINITE, OLIVINE [25196]",97.4789915966387,187,20,79.5,15,4.19,12.2,1.59,7.37,1.13,2.66,0.264,1.51,0.183
37.3,120.83,"NEPHELINITE, OLIVINE [25196]",98.3193277310924,188,20,78.6,15,4.21,12.1,1.57,7.31,1.14,2.6,0.264,1.5,0.178
37.3,120.83,"NEPHELINITE, OLIVINE [25196]",100.840336134454,190,20.4,80.1,15.2,4.22,12.3,1.6,7.46,1.15,2.69,0.27,1.49,0.178
37.3,120.83,"NEPHELINITE, OLIVINE [25196]",95.7983193277311,183,19.5,76.5,14.5,4.05,11.6,1.54,7.2,1.12,2.59,0.262,1.49,0.179
37.3,120.83,"NEPHELINITE, OLIVINE [25196]",93.2773109243698,179,19.3,75.6,14.5,4.02,11.6,1.53,7.13,1.1,2.57,0.261,1.5,0.181
37.3,120.83,"NEPHELINITE, OLIVINE [25196]",93.2773109243698,177,19.2,74.7,14.3,3.97,11.5,1.52,7.09,1.1,2.53,0.26,1.46,0.178
37.3,120.83,"NEPHELINITE, OLIVINE [25196]",100,189,20.3,79.3,15.1,4.16,12.2,1.59,7.38,1.14,2.65,0.27,1.48,0.177
37.3,120.83,"NEPHELINITE, OLIVINE [25196]",97.4789915966387,188,20,78.1,15.1,4.22,12.1,1.58,7.29,1.13,2.62,0.263,1.48,0.177
37.3,120.83,"NEPHELINITE, OLIVINE [25196]",96.6386554621849,184,19.7,77.3,14.6,4.11,11.8,1.56,7.32,1.13,2.6,0.268,1.51,0.182
37.3,120.83,"NEPHELINITE, OLIVINE [25196]",94.9579831932773,179,19.4,75.7,14.5,4.05,11.6,1.53,7.13,1.1,2.55,0.263,1.48,0.177
37.3,120.83,"NEPHELINITE, OLIVINE [25196]",95.7983193277311,190,20.3,79.5,15.3,4.06,11.8,1.53,7.29,1.13,2.57,0.263,1.51,0.179
37.3,120.83,"NEPHELINITE, OLIVINE [25196]",90.7563025210084,182,19.4,76.1,14.5,4.02,11.6,1.54,7.05,1.11,2.55,0.28,1.47,0.19
37.3,120.83,"NEPHELINITE, OLIVINE [25196]",98.3193277310924,198,20.8,81.4,15.5,4.3,12.5,1.64,7.61,1.19,2.73,0.289,1.54,0.193
37.3,120.83,"NEPHELINITE, OLIVINE [25196]",89.9159663865546,179,19,74.4,14.1,3.95,11.4,1.5,7.05,1.1,2.56,0.273,1.49,0.187
37.3,120.83,"NEPHELINITE, OLIVINE [25196]",92.436974789916,184,19.7,76.9,14.6,4.03,11.7,1.55,7.21,1.13,2.61,0.274,1.53,0.191
37.3,120.83,"NEPHELINITE, OLIVINE [25196]",88.2352941176471,175,18.7,73.5,13.9,3.9,11.3,1.48,6.95,1.09,2.55,0.269,1.49,0.189
37.3,120.83,"NEPHELINITE, OLIVINE [25196]",90.7563025210084,182,19.4,76.4,14.6,4,11.7,1.54,7.16,1.1,2.52,0.259,1.44,0.176
67.1105040237307,32.2607939690351,"NEPHELINITE [25213]",61.5385821882002,114.091387641452,11.9683606351577,39.2169249934208,6.83699411874533,2.07902903575737,5.97863026384417,0.817954147393305,4.77287257326383,0.987000784167289,2.64725332702088,0.346994324122479,27.9153073100039,0.359177527856183
67.11076897569,32.2635599970817,"NEPHELINITE [25213]",55.8830724036375,99.3701270162929,11.0704165306052,36.8231701494954,6.530985623127,1.85333556201191,5.35216467208886,0.701685600105252,3.98919387114575,0.798629652784954,2.11679931185629,0.301328118218456,21.0248281578313,0.305665789191278
67.11076897569,32.2635599970817,"NEPHELINITE [25213]",56.1817214837632,104.605301744109,11.0700383662246,38.2317169471999,6.70720062389057,2.01374141420912,6.07096978326186,0.824837290995304,5.03614221904148,1.0317368852459,2.94939026043298,0.386717364519161,27.0683116233337,0.375977800647802
67.1275109890848,32.1432139724493,"NEPHELINITE [25213]",95.6073184576193,160.552941249035,15.7968880809017,54.0689453249962,8.03468972904122,2.28428684506197,6.20064140759648,0.776161216452721,4.07037929369071,0.735749444187124,1.93187032692605,0.272164150069477,19.8717274587,0.276624609480315
35.1369666666667,49.5051516666667,"NEPHELINITE [25335]",280,526,57.4,202,25.8,6.1,12.6,1.3,5.5,0.9,2.4,0.26,1.6,0.2
35.1379233333333,49.5053983333333,"NEPHELINITE [25335]",258,485,53.8,185,23.9,5.72,11.7,1.3,5.2,0.8,2.2,0.26,1.5,0.21
35.13825,49.50742,"NEPHELINITE [25335]",283,534,60.5,217,29.7,7.09,15,1.6,6.2,0.9,2.4,0.29,1.4,0.19
35.12207,49.504465,"NEPHELINITE [25335]",262,484,54.3,191,24.9,5.91,11.9,1.2,5.4,0.8,2.2,0.29,1.5,0.19
35.1209166666667,49.50448,"NEPHELINITE [25335]",294,550,60.8,213,27.6,6.54,13.4,1.4,5.9,0.9,2.5,0.32,1.7,0.22
35.1099116666667,49.5026433333333,"NEPHELINITE [25335]",200,383,43.2,150,20.1,4.93,10.4,1.2,5,0.8,2.1,0.26,1.5,0.19
35.104485,49.50267,"NEPHELINITE [25335]",205,394,43.6,157,20.7,5.1,10.4,1.2,5.1,0.9,2.2,0.28,1.6,0.21
35.103325,49.5046066666667,"NEPHELINITE [25335]",236,454,50.9,182,23.9,5.55,12.1,1.3,5.5,0.9,2.3,0.28,1.6,0.22
35.069235,49.5056033333333,"NEPHELINITE [25335]",164,316,35.3,123,17,4.23,9.4,1.1,5,0.9,2.3,0.29,1.6,0.23
35.0692416666667,49.5056233333333,"NEPHELINITE [25335]",150,287,31.9,113,15.5,3.83,8.7,1.1,4.8,0.8,2.1,0.27,1.4,0.22
35.0762583333333,49.505285,"NEPHELINITE [25335]",271,503,56.4,204,27.9,6.99,14.1,1.5,6.2,0.9,2.4,0.3,1.5,0.2
35.1012333333333,49.50656,"NEPHELINITE [25335]",124,243,28.4,107,16.6,4.38,9.8,1.1,5.3,0.9,2.2,0.28,1.5,0.21
35.10144,49.506695,"NEPHELINITE [25335]",237,458,51.4,180,24,5.83,11.6,1.3,5.4,0.9,2.2,0.27,1.5,0.21
35.1239883333333,49.62471,"NEPHELINITE [25335]",119,239,27.9,104,16,4.16,9.2,1.1,5.1,0.8,2.1,0.26,1.5,0.21
35.1239616666667,49.6247566666667,"NEPHELINITE [25335]",198,386,43.1,151,20.1,4.95,10.2,1.1,4.9,0.7,2,0.25,1.3,0.18
35.206355,49.5007916666667,"NEPHELINITE [25335]",152,294,33.9,123,18.4,4.87,10.4,1.3,5.6,0.9,2.4,0.3,1.7,0.23
35.2069583333333,49.501025,"NEPHELINITE [25335]",183,348,38.6,137,18.6,4.49,9.5,1,4.4,0.7,1.9,0.23,1.2,0.16
34.9919233333333,49.0924483333333,"NEPHELINITE [25335]",195,376,42.5,150,19.8,4.85,10.1,1.1,4.9,0.8,2.1,0.25,1.4,0.19
35.0063366666667,49.1178,"NEPHELINITE [25335]",229,438,49.4,175,23.9,5.58,12,1.2,5.4,0.8,2.2,0.28,1.5,0.21
35.0086283333333,49.1188933333333,"NEPHELINITE [25335]",149,283,32.1,119,18.5,4.78,10.5,1.3,6,1,2.5,0.31,1.8,0.23
-12.2135,49.1595,"BASANITE [11642] / NEPHELINITE, OLIVINE [20343]",98.5,173,18.8,66.8,11.8,3.59,10.1,1.4,6.9,1.2,3.2,0.42,2.5,0.32
17,-25,"NEPHELINITE [8504]",56,123,13.81,66,11.51,3.45,10.93,1.42,7.03,1.11,2.86,0.34,1.98,0.28
17,-25,"NEPHELINITE [8504]",87,177,20.82,82,14.48,4.24,14.1,1.76,8.96,1.45,3.97,0.47,2.92,0.4
17,-25,"NEPHELINITE [8504]",84,150,15.88,56,9.12,2.63,9.53,1.15,5.82,0.99,2.95,0.39,2.53,0.37
17,-25,"NEPHELINITE [8504]",110,163,15.94,46,6.62,1.85,7.83,0.81,4.29,0.78,2.4,0.35,2.45,0.4
17,-25,"NEPHELINITE [8504]",72,147,16.8,74,13.03,3.75,12.38,1.55,7.61,1.19,3.15,0.35,2.09,0.29
17,-25,"NEPHELINITE [8504]",87,182,21.94,91,16.55,4.77,15.6,1.92,9.44,1.44,3.82,0.43,2.55,0.36
17,-25,"NEPHELINITE [8504]",160,302,34.64,125,22.35,6.37,21.48,2.69,13.29,2.13,5.94,0.71,4.31,0.61
17,-25,"NEPHELINITE [8504]",152,302,34.45,127,22.17,6.35,21.82,2.61,13.1,2.1,5.89,0.72,4.35,0.62
17,-25,"NEPHELINITE [8504]",83,179,18.74,85,13.99,4.05,13.14,1.62,8.15,1.23,3.3,0.38,2.29,0.31
-24,31,"NEPHELINITE [8524]",21.54,37.08,4.32,17.08,3.62,1.2,3.18,0.5,2.82,0.55,1.41,0.2,1.15,0.18
-24,31,"NEPHELINITE [8524]",23.75,40.06,4.52,17.69,3.72,1.24,3.35,0.52,3.05,0.6,1.62,0.23,1.42,0.23
-1.52,29.25,"FOIDITE [13036] / NEPHELINITE, MELILITE [9238]",179,334,37,123,18.4,5.1,13.1,1.63,8,1.46,3.6,0.49,3,0.41
34.7902,-14.588,"NEPHELINITE [8659]",128,237,27.9,111,19.4,5.69,15.9,1.94,10.3,1.61,3.56,0.41,2.33,0.31
31.2917,-13.7347,"NEPHELINITE [8659]",106,207,24.7,99,18.4,5.41,15.4,1.92,10.9,1.79,4.52,0.55,3.37,0.48
31.2625,-13.5692,"NEPHELINITE [8659]",90.3,165,19.3,73.8,14.1,4.17,11.6,1.59,7.97,1.46,3.55,0.47,2.68,0.36
-20.5,-29.3,"NEPHELINITE, OLIVINE [8762]",49,104,13,54,11,3.2,8.7,1.3,5.8,0.95,2,0.27,1.5,0.21
39,-4,"NEPHELINITE, MELILITE [25919]",64.7,123,15.3,57.9,9.76,2.98,8.93,1.1,5.17,0.868,2.27,0.249,1.44,0.2
39,-4,"NEPHELINITE, MELILITE [25919]",37.6,73.4,9.03,34.3,6.03,1.69,5.34,0.643,3.01,0.51,1.34,0.154,0.906,0.13
62.566,-136.833,"NEPHELINITE, OLIVINE [8902]",67.98,116.2,13.62,49.49,9.11,2.78,1.13,0.76,5.55,1.04,2.59,0.35,2.01,0.3
62.566,-136.833,"NEPHELINITE, OLIVINE [8902]",64.72,112.6,13.12,47.65,9.07,2.7,1.13,0.75,5.47,1.01,2.53,0.35,1.96,0.29
59.58,-133.72,"NEPHELINITE, OLIVINE [8902]",56.78,112.2,14.14,52.33,10.56,3.27,8.59,1.15,5.02,0.75,1.68,0.2,0.99,0.13
59.58,-133.72,"NEPHELINITE, OLIVINE [8902]",58.48,114.9,14.5,54.94,10.84,3.37,8.87,1.18,5.28,0.8,1.71,0.19,1.03,0.13
59.58,-133.72,"NEPHELINITE, OLIVINE [8902]",60.26,117.4,14.97,56.37,10.91,3.43,9,1.2,5.43,0.84,1.85,0.21,1.16,0.15
21.52,-157.66,"NEPHELINITE [9018]",51.41,99.08,12.35,51.2,11.46,3.5,9.69,1.23,5.78,0.89,1.96,0.23,1.27,0.18
21.52,-157.66,"NEPHELINITE [9018]",50.88,97.98,12.21,50.25,11.17,3.41,9.48,1.21,5.66,0.88,1.94,0.23,1.28,0.18
21.52,-157.66,"NEPHELINITE [9018]",50.79,97.88,12.2,50.28,11.18,3.45,9.52,1.21,5.66,0.89,1.95,0.23,1.27,0.18
21.52,-157.66,"NEPHELINITE [9018]",51.9,100.07,12.5,51.47,11.48,3.47,9.61,1.22,5.8,0.92,1.98,0.23,1.3,0.19
21.52,-157.66,"NEPHELINITE [9018]",52.44,101.39,12.59,51.79,11.48,3.52,9.75,1.24,5.85,0.92,2.03,0.24,1.31,0.19
21.52,-157.66,"NEPHELINITE [9018]",51.53,99.43,12.44,51.08,11.45,3.48,9.78,1.24,5.9,0.91,1.97,0.24,1.28,0.18
24.9754,-98.7402166666667,"NEPHELINITE [26118]",96,170,20,75,13,4,0,1.4,6.8,1.2,3.4,0.4,2.3,0.37
9.2151,-21.28,"NEPHELINITE [13188] / ANKARAMITE [15812]",125,225,24.6,82.57,12.91,3.8,11.1,1.44,6.71,1.21,3.15,0.42,2.69,0.37
33.3814,-5.1247,"NEPHELINITE [26966]",90.7,170,19.1,72.9,13,3.8,9.2,1.25,6.51,1.08,2.59,0.321,1.84,0.292
33.2308,-5.0633,"NEPHELINITE [26966]",98.4,186,20.6,79.6,14,4.26,10.3,1.4,7.31,1.21,3.11,0.381,2.14,0.311
33.2322,-5.0656,"NEPHELINITE [26966]",105,198,22.2,84.6,15.2,4.44,11.5,1.55,7.83,1.28,3.28,0.406,2.34,0.337
33.2328,-5.0631,"NEPHELINITE [26966]",79.1,154,17.8,68.8,13.3,3.89,9.74,1.37,6.94,1.2,2.81,0.364,2.14,0.291
-22.5,31.3,"NEPHELINITE [27056]",34.274,63.045,6.589,22.831,5.136,1.474,4.703,0.714,4.002,0.796,2.336,0.325,2.154,0.35
-22.5,31.3,"NEPHELINITE [27056]",31.05,59.034,6.212,22.301,4.898,1.545,4.46,0.665,3.74,0.744,2.159,0.302,2.011,0.321
-20,32,"NEPHELINITE [27056]",50.391,91.858,8.779,28.936,5.699,1.789,5.077,0.745,4.06,0.788,2.283,0.309,2.018,0.315
-20,32,"NEPHELINITE [27056]",55.087,100.367,9.605,30.59,6.025,1.852,5.2,0.758,4.044,0.782,2.254,0.311,1.981,0.318
-20,32,"NEPHELINITE [27056]",43.334,79.882,7.57,25.039,4.86,1.487,4.332,0.639,3.44,0.669,1.913,0.26,1.699,0.267
-20,32,"NEPHELINITE [27056]",42.737,78.283,7.536,25.209,4.839,1.486,4.414,0.642,3.495,0.671,1.945,0.264,1.738,0.274
-20,32,"NEPHELINITE [27056]",48.772,88.302,8.48,27.905,5.427,1.638,4.794,0.704,3.804,0.737,2.138,0.287,1.893,0.295
-20,32,"NEPHELINITE [27056]",55.164,101.288,9.641,31.836,6.143,1.881,5.4,0.799,4.293,0.828,2.395,0.321,2.099,0.329
-20,32,"NEPHELINITE [27056]",47.829,86.623,8.402,27.522,5.316,1.628,4.736,0.689,3.767,0.726,2.093,0.284,1.857,0.288
-20,32,"NEPHELINITE [27056]",38.04,70.117,6.906,23.198,4.571,1.401,4.157,0.603,3.279,0.632,1.824,0.244,1.63,0.256
-20,32,"NEPHELINITE [27056]",64.142,115.418,10.931,34.973,6.79,2.146,5.943,0.866,4.744,0.928,2.721,0.367,2.403,0.378
-21.5,29.5,"NEPHELINITE [27056]",19.485,42.309,4.231,14.871,3.251,1.079,3.137,0.472,2.663,0.531,1.539,0.211,1.406,0.224
-20,32,"NEPHELINITE [27056]",48.975,86.405,8.242,26.579,5.4,1.819,4.532,0.666,3.569,0.704,2.018,0.276,1.813,0.289
45.7411,114.1171,"NEPHELINITE [27133]",82.16,158.9,18.27,72.59,13.6,4.159,11.53,1.486,6.878,1.138,2.533,0.296,1.568,0.204
31.58,120.29,"NEPHELINITE [27149]",89.5623566244271,153.13139549013,17.0385690555387,64.7075869811509,11.4720189452813,3.54214266521749,9.96992258792646,1.24109797074589,6.39520244665986,1.0657331844106,2.56926966981919,0.30546044550819,1.76653811713066,0.229260467698691
31.58,120.29,"NEPHELINITE [27149]",88.8758547525647,154.086557858482,17.0489118552082,64.397029359143,11.5123922692907,3.52021921591403,9.98476325713351,1.24804049933211,6.37887361272516,1.05631328073821,2.55937383255198,0.300448135203217,1.73821029561281,0.229886157278544
31.58,120.29,"NEPHELINITE [27149]",90.3356471286493,156.178999475992,17.2170020559136,65.2191881715609,11.6444335767966,3.5605559457887,10.09363788087,1.26710796693117,6.49652571934093,1.07351829234538,2.61642379801347,0.307601396913972,1.81582036175383,0.234650886123682
-0.08,29.92,"NEPHELINITE [27209]",192,380,44.1,158,21.6,5.14,11.1,1.2,5.3,0.8,1.6,0.21,1.1,0.15
37.148715,15.054418,"NEPHELINITE [28762]",264,468,46,169,25.6,7.31,18.7,2.44,11.54,1.92,4.24,0.53,3.03,0.43
-2.78,35.98,"NEPHELINITE, MELILITE-OLIVINE [9727]",83.1,167,19.7,77,14,4.09,9.98,1.37,6.62,0.975,2.32,0.297,1.59,0.228
37.2151,120.7375,"NEPHELINITE [24902] / NOT GIVEN [14364]",97.8,179.8,20.15,80.3,15.19,4.52,13.33,1.68,8.09,1.31,2.79,0.31,1.64,0.2
37.2151,120.7375,"NEPHELINITE [24902] / NOT GIVEN [14364]",98.2,178.8,20.18,80.4,15.02,4.58,13.41,1.66,7.94,1.31,2.76,0.31,1.63,0.2
37.2151,120.7375,"NEPHELINITE [24902] / NOT GIVEN [14364]",97,179.2,20.02,79.7,15.02,4.5,13.17,1.66,7.97,1.29,2.77,0.31,1.66,0.2
37.2151,120.7375,"NEPHELINITE [24902] / NOT GIVEN [14364]",96.7,177.6,19.85,80,15.04,4.52,13.43,1.68,8.02,1.32,2.81,0.32,1.69,0.2
37.2151,120.7375,"NEPHELINITE [24902] / NOT GIVEN [14364]",98.2,181.6,20,81,15.33,4.58,13.51,1.7,8.16,1.33,2.83,0.32,1.67,0.2
37.2151,120.7375,"NEPHELINITE [24902] / NOT GIVEN [14364]",98.1,179.4,19.77,80.7,15,4.55,13.54,1.7,8.17,1.33,2.87,0.32,1.72,0.21
37.2151,120.7375,"NEPHELINITE [24902] / NOT GIVEN [14364]",99.5,182,20.04,82.1,15.48,4.62,13.79,1.71,8.26,1.33,2.85,0.32,1.68,0.2
37.9708,120.5983,"NOT GIVEN [14364] / NEPHELINITE [24902]",94.6,176.3,19.79,77.5,14.75,4.25,12.79,1.57,7.44,1.21,2.61,0.28,1.51,0.18
37.9708,120.5983,"NOT GIVEN [14364] / NEPHELINITE [24902]",98.2,180.5,20.34,79.4,14.97,4.37,13.1,1.6,7.6,1.22,2.64,0.28,1.54,0.19
37.9708,120.5983,"NOT GIVEN [14364] / NEPHELINITE [24902]",97.3,177.2,20,78.43,14.76,4.32,12.91,1.57,7.46,1.21,2.6,0.28,1.55,0.18
37.9708,120.5983,"NOT GIVEN [14364] / NEPHELINITE [24902]",98.8,181.7,20.42,79.39,14.89,4.36,12.89,1.58,7.5,1.21,2.6,0.28,1.5,0.18
37.9708,120.5983,"NOT GIVEN [14364] / NEPHELINITE [24902]",99.8,183.6,20.77,80.81,15.18,4.38,13.17,1.61,7.63,1.23,2.65,0.29,1.56,0.19
37.9708,120.5983,"NOT GIVEN [14364] / NEPHELINITE [24902]",88.3,162.3,18.34,73.02,13.85,4.01,12.07,1.48,7.06,1.16,2.51,0.28,1.56,0.19
37.9708,120.5983,"NOT GIVEN [14364] / NEPHELINITE [24902]",96.7,179.3,20.24,78.49,14.8,4.28,12.85,1.57,7.5,1.23,2.66,0.3,1.63,0.2
38.0123,117.6803,"NEPHELINITE [24902] / NOT GIVEN [14364]",70.1,135.2,15.72,62.7,12.19,3.82,10.33,1.57,7.22,1.21,2.69,0.29,1.66,0.21
38.0123,117.6803,"NEPHELINITE [24902] / NOT GIVEN [14364]",68.2,131,15.26,60.9,11.8,3.71,9.99,1.5,6.89,1.16,2.56,0.28,1.58,0.19
38.0123,117.6803,"NEPHELINITE [24902] / NOT GIVEN [14364]",69.4,133.8,15.57,62.6,12.29,3.78,10.34,1.54,7.13,1.19,2.67,0.28,1.62,0.2
38.0123,117.6803,"NEPHELINITE [24902] / NOT GIVEN [14364]",69.4,134.7,15.66,62.4,12.24,3.82,10.27,1.55,7.18,1.22,2.69,0.29,1.67,0.2
38.0123,117.6803,"NEPHELINITE [24902] / NOT GIVEN [14364]",69.2,133.5,15.51,62.3,12.14,3.79,10.26,1.54,7.08,1.21,2.66,0.28,1.66,0.2
14.8617,-24.7478,"NEPHELINITE, MELILITE [14628]",47,103,13,54,11.3,3.8,11.1,1.51,7.3,1.24,3.1,0.41,2.4,0.31
-2.75,35.93,"PYROCLASTIC SEDIMENT [14711]",272,395,37.4,124,18.6,5.65,14.7,1.89,9.54,1.6,4.12,0.544,3.4,0.48
-2.75,35.93,"PYROCLASTIC SEDIMENT [14711]",265,378,35.1,114,16.7,5.23,13.5,1.72,8.83,1.48,3.8,0.495,3.1,0.439
21.654,-160.544,"BASALT [23539] / NEPHELINITE [358]",47.8,101.8,12.1,50.6,9.57,3.09,8.06,1.05,5.25,0.89,2.27,0.28,1.63,0.23
48.1,7.67,"NEPHELINITE, OLIVINE [10394]",61.6,109,11.76,46.8,8.2,2.62,6.3,0.87,4.3,0.73,1.67,0.2,1.18,0.16
56,13.2,"NEPHELINITE [7773]",54.4,96,10.8,39.7,6.98,2.17,6.31,0.86,4.53,0.81,2.19,0.29,1.8,0.27
56,13.2,"NEPHELINITE [7773]",63.3,114,12.9,48,8.32,2.59,7.47,1.04,5.46,0.98,2.66,0.35,2.14,0.33
36,-106,"NEPHELINITE [10915]",77.84,148.3,17.44,71.08,14.41,4.05,10.25,1.3,6.11,0.99,2.12,0.26,1.41,0.21
-17.4751,48.3541,"NEPHELINITE, OLIVINE-LEUCITE [15764] / MELILITITE [15879]",99.4,180,20.2,75.2,12.9,4.19,10.3,1.4,6.6,1.1,2.6,0.31,1.7,0.23
-19.33,48.98,"NEPHELINITE, OLIVINE [15764] / NEPHELINITE [15879]",69.1,128,14.7,56.4,11,3.85,9.6,1.4,6.9,1.2,2.8,0.34,1.9,0.25
-19.41,47.2,"NEPHELINITE, OLIVINE-LEUCITE [15764] / MELILITITE [15879]",85.8,154,17.1,62.6,10.5,3.4,8.4,1.2,5.7,1,2.4,0.3,1.7,0.24
34.4533,-15.5417,"NEPHELINITE [11138]",160,290,30.8,105,17.4,5.09,13.9,1.85,9.35,1.65,4.27,0.55,3.17,0.42
34.4533,-15.5417,"NEPHELINITE [11138]",179,293,31.7,114,17.4,5.4,14.5,1.87,9.99,1.78,4.76,0.64,3.95,0.57
-22.5,31.3,"NEPHELINITE [1679]",34.725,64.695,6.519,22.334,4.696,1.318,4.383,0.665,3.767,0.76,2.17,0.29,1.842,0.286
-22.5,31.3,"NEPHELINITE [27056]",29.889,57.483,6.121,21.952,4.773,1.441,4.305,0.643,3.54,0.714,2.077,0.293,1.926,0.307
14.8606,-24.7467,"NEPHELINITE, MELILITE [16910] / NOT GIVEN [16167]",32.2,71.5,8.8,37,7.73,2.58,7.43,1.01,4.8,0.82,2.01,0.264,1.56,0.203
50.7,14.92,"NEPHELINITE, MELILITE-OLIVINE [11430]",48.7,94.4,11.2,45.06,8.27,2.2,6.5,0.8,4.3,0.7,1.6,0.2,1.18,0.15
50.7,14.92,"NEPHELINITE, MELILITE-OLIVINE [11430]",57.6,109.1,12.9,50.2,8.9,2.6,7.2,0.9,4.6,0.8,1.8,0.22,1.23,0.17
50.7,14.92,"NEPHELINITE, MELILITE-OLIVINE [11430]",50.4,95.5,11.5,45.97,8.48,2.5,6.8,0.8,4.3,0.7,1.7,0.21,1.17,0.16
50.7,14.92,"NEPHELINITE, MELILITE-OLIVINE [11430]",55.7,105.8,12.5,49.53,8.91,2.5,6.9,0.9,4.4,0.7,1.7,0.21,1.21,0.17
50.7,14.92,"NEPHELINITE, MELILITE-OLIVINE [11430]",65.1,123.7,14.7,56.5,9.5,2.8,7.7,1,4.9,0.8,2,0.26,1.5,0.2
50.7,14.92,"NEPHELINITE, MELILITE-OLIVINE [11430]",85.2,167,19.9,77.7,13.4,3.9,10.8,1.3,6.6,1.1,2.6,0.31,1.73,0.23
14.8617,-24.7478,"NEPHELINITE, MELILITE [16910] / BASALT [18904]",30.7,69.1,8.54,37.2,8.09,2.72,7.91,1.1,5.44,0.93,2.24,0.293,1.69,0.222
56,13.2,"NEPHELINITE [7773]",62.2,113,12.3,44.6,7.67,2.33,6.7,0.9,4.7,0.87,2.36,0.31,1.97,0.31
56,14,"NEPHELINITE [7773]",67.9,124,13.7,50,8.69,2.62,7.48,0.99,5.09,0.89,2.36,0.3,1.85,0.29
56,14,"NEPHELINITE [19997]",65.1,120,13.4,49.7,8.77,2.7,8,1.07,5.64,1.02,2.76,0.36,2.15,0.34
16.5,-24,"NEPHELINITE [12587]",51,103,12.5,49,9.8,3.03,8.75,1.18,6.14,1.12,2.66,0.34,2.09,0.29
16.5,-24,"NEPHELINITE [12587]",48,99,12.2,49,9.5,2.96,8.3,1.11,5.83,1.04,2.48,0.31,1.9,0.26
16.5,-24,"NEPHELINITE [12587]",40,83,10.1,41,8.6,2.72,7.12,0.99,5.44,0.97,2.22,0.29,1.81,0.26
16.5,-24,"NEPHELINITE [12587]",37.36,77.85,9.66,39.18,8.25,2.63,6.78,0.97,5.28,0.95,2.23,0.28,1.76,0.26
16.5,-24,"NEPHELINITE [12587]",37.78,78.65,9.6,39.02,8.12,2.59,6.72,0.95,5.18,0.93,2.17,0.28,1.72,0.26
16.5,-24,"NEPHELINITE [12587]",35.86,73.3,9.11,37.74,7.99,2.47,6.77,0.96,5.3,0.95,2.16,0.26,1.65,0.24
50.095,12.347,"NEPHELINITE [12763]",94.5,181,19.9,70.2,11.93,2.93,9.29,1.21,5.71,1,2.45,0.31,1.9,0.26
50.951,15.453,"NEPHELINITE [12763]",82.9,159,17.7,66,11.3,3.25,8.7,1.19,5.71,0.98,2.4,0.3,1.87,0.26
50.951,15.453,"NEPHELINITE [12763]",81.6,156,17.4,64.9,11.1,3.2,8.43,1.16,5.7,0.98,2.43,0.31,1.91,0.27
51.09,14.71,"NEPHELINITE [12763]",76.6,154,16.8,59.4,10.3,2.73,8.17,1.1,5.3,0.93,2.26,0.28,1.7,0.23
50.38,12.39,"NEPHELINITE [12763]",89.4,178,19.5,68.7,11.7,2.96,9.18,1.21,5.73,0.99,2.4,0.29,1.77,0.24
50.357,12.31,"NEPHELINITE [12763]",81.7,154,16.5,56.5,9.52,2.42,7.71,1.02,4.84,0.86,2.09,0.26,1.62,0.22
50.332,12.32,"NEPHELINITE [12763]",74.7,128,14.9,56.4,10.1,2.98,8.33,1.09,5.28,0.9,2.13,0.26,1.55,0.21
51.16,14.97,"NEPHELINITE [12763]",89.9,168,19.6,71.2,11.7,3.31,8.93,1.18,5.55,0.92,2.21,0.27,1.61,0.22
50.518,13.06,"NEPHELINITE [12763]",54.2,103,12.6,48.5,8.24,2.29,6.35,0.81,3.81,0.65,1.55,0.2,1.18,0.16
50.624,13.26,"NEPHELINITE [12763]",77.5,150,18,69.1,11.5,3.18,8.72,1.09,5.08,0.86,2.05,0.26,1.53,0.21
50.509,13.02,"NEPHELINITE [12763]",121,251,28.8,102,16.8,4.4,12.7,1.61,7.46,1.29,3.12,0.39,2.34,0.32
50.509,13.02,"NEPHELINITE [12763]",121,254,29.3,104,17.2,4.48,12.9,1.65,7.59,1.31,3.19,0.39,2.37,0.32
50.42,12.98,"NEPHELINITE [12763]",185,384,45.1,160,25.8,6.32,18.8,2.39,11.04,1.92,4.75,0.6,3.63,0.49
-18.12,-65.77,"NEPHELINITE [12823]",121.9,216.5,23.26,83.89,813.92,3.99,10.2,1.37,6.84,1.12,2.8,0.36,2.21,0.31
38.0123,117.6803,"BASALT [17944] / NEPHELINITE [24902]",67,128.7,14.74,58.5,11.8,3.75,10.42,1.47,7.01,1.15,2.75,0.313,1.72,0.221
38.0123,117.6803,"BASALT [17944] / NEPHELINITE [24902]",67.4,128.9,14.74,58.7,11.79,3.73,10.3,1.45,6.85,1.13,2.64,0.299,1.61,0.211
38.0123,117.6803,"BASALT [17944] / NEPHELINITE [24902]",64.3,123.6,14.18,56.4,11.41,3.62,10.08,1.43,6.8,1.13,2.71,0.307,1.71,0.222
38.0123,117.6803,"BASALT [17944] / NEPHELINITE [24902]",68.8,131.5,15.07,59.7,12,3.78,10.45,1.47,6.96,1.14,2.67,0.301,1.63,0.211
37.2151,120.7375,"BASALT [17944] / NEPHELINITE [24902]",82.2,147.8,17.53,68.1,12.99,4.03,11.14,1.51,6.92,1.11,2.61,0.288,1.55,0.2
37.2151,120.7375,"BASALT [17944] / NEPHELINITE [24902]",83,148.6,17.61,68.4,12.97,4,11,1.48,6.73,1.07,2.55,0.279,1.54,0.2
37.21,120.68,"BASALT [17944] / NEPHELINITE [24902]",86.8,155.3,18.33,71.2,13.53,4.19,11.54,1.54,6.96,1.1,2.55,0.277,1.46,0.185
9.2151,-21.28,"NEPHELINITE [13188]",68.6,182,17.2,63.7,10.8,3.13,8.28,1.02,5.21,0.85,2.1,0.26,1.82,0.29
9.2151,-21.28,"NEPHELINITE [13188]",74.7,176,18.1,62.6,9.4,3.13,7.54,1.05,4.62,0.77,1.86,0.24,1.54,0.2
21.34,-157.85,"BASALT, NEPHELINE-MELILITE [300] / NEPHELINITE [340]",64.3,130,15.9,64.9,13.1,3.79,10.9,1.51,7.34,1.24,3.04,0.454,2.7,0.395
21.34,-157.85,"NEPHELINITE [340]",67.1,129,15.4,59.7,11.6,3.66,9.59,1.31,6.52,1.16,2.71,0.375,2.11,0.306
21.34,-157.85,"NEPHELINITE [340]",57.7,113,13.3,52.1,10.6,3.33,8.66,1.18,5.77,0.987,2.24,0.29,1.6,0.213
-45.18,170.9,"NEPHELINITE [9501]",101.780715769292,192.178854449593,22.5644032593066,85.1384646109602,14.8154177983703,4.50532824169995,12.3084223659443,1.55260760504873,7.09052244767535,1.11597435692603,2.46401677584279,0.27804002236779,1.51647243968685,0.189207740853171
-37.1,174.8,"NEPHELINITE [7411]",86,173.2,19.94,71.2,13.34,4.09,12.12,1.57,7.3,1.27,2.9,0.36,2.11,0.28
-37.1,174.8,"NEPHELINITE [7411]",56.1,115.1,13.8,51.4,9.8,3.03,9.05,1.19,5.57,0.92,2.07,0.25,1.44,0.2
59.53,-132.93,"NEPHELINITE [4249]",76.72,143.31,17.6,71.14,13.19,4.11,10.53,1.35,6.47,1.01,2.18,0.24,1.28,0.16
34.41,-2.89,"NEPHELINITE, OLIVINE [13338]",62,123,13.96,52,8.9,2.77,6.84,0.884,4.28,0.731,1.67,0.224,1.16,0.158
21.34,-157.85,"BASALT, MELILITE [127] / NEPHELINITE, MELILITE [340]",18.6,39.9,5.18,22.4,5.37,1.82,5.05,0.773,4.15,0.753,1.83,0.257,1.49,0.203
34.48,118.96,"BASANITE [19669] / NEPHELINITE [24443]",77.6,139,15.6,64.3,14.7,4.58,13.1,1.8,8.67,1.27,2.85,0.32,1.75,0.22
34.48,118.96,"BASANITE [19669] / NEPHELINITE [24443]",78.7,141,15.9,65.1,14.9,4.68,13,1.79,8.65,1.28,2.87,0.32,1.75,0.21
34.48,118.96,"BASANITE [19669] / NEPHELINITE [24443]",71.4,129,14.1,61.8,13.8,4.43,14.6,1.62,7.51,1.16,2.6,0.28,1.74,0.26
34.48,118.96,"BASANITE [19669] / NEPHELINITE [24443]",79.1,127,16,65.5,15,4.67,13.1,1.8,8.66,1.26,2.91,0.32,1.79,0.22
34.48,118.96,"BASANITE [19669] / NEPHELINITE [24443]",75.9,137,15.6,63.9,14.6,4.57,12.8,1.75,8.38,1.22,2.78,0.31,1.7,0.21
34.48,118.96,"BASANITE [19669] / NEPHELINITE [24443]",75.2,127,15.4,62.9,14.3,4.46,12.5,1.7,8.24,1.2,2.73,0.3,1.67,0.21
34.48,118.96,"BASANITE [19669] / NEPHELINITE [24443]",75.5,135,15.3,62.6,14.2,4.49,12.6,1.73,8.28,1.2,2.75,0.31,1.69,0.21
34.48,118.96,"BASANITE [19669] / NEPHELINITE [24443]",82.2,125,17.1,71.4,16.3,5.1,14.2,1.95,9.36,1.35,3.01,0.33,1.75,0.21
34.36,118.75,"BASANITE [19669]",92.6,140,19.4,79.3,17.8,5.08,15.3,2.14,10.3,1.54,3.51,0.42,2.35,0.31
34.36,118.75,"BASANITE [19669]",92.1,169,18.5,82.1,17.7,5.09,19.4,2.1,9.57,1.49,3.35,0.39,2.45,0.35
34.36,118.75,"BASANITE [19669]",92.6,141,19.5,79.7,18.3,5.39,15.9,2.18,10.4,1.51,3.45,0.39,2.19,0.28
34.36,118.75,"BASANITE [19669]",92.4,140,19.1,78.8,18.1,5.35,15.6,2.14,10.3,1.49,3.39,0.38,2.15,0.27
34.36,118.75,"BASANITE [19669] / NEPHELINITE [24443]",84.3,125,17.3,71,16.3,5.01,14,1.94,9.3,1.36,3.08,0.35,1.97,0.25
34.36,118.75,"BASANITE [19669]",87.4,132,18,73.3,17,5.23,14.8,2.02,9.66,1.41,3.2,0.36,2.04,0.26
-21.8,-46.57,"NEPHELINITE [10619]",128,242,25.47,106,17.62,5.3,15.04,1.81,8.71,1.42,3.36,0.45,2.47,0.34
-22.73,-45.58,"NEPHELINITE [10619]",72,148,16.36,71,12.19,3.72,10.58,1.32,6.44,1.1,2.6,0.35,1.97,0.29
-22.73,-45.58,"NEPHELINITE [10619]",92,186,20.76,91,15.77,4.68,13.43,1.7,8.23,1.39,3.32,0.46,2.56,0.38
-22.5669,-42.6575,"NEPHELINITE [10619]",84,178,28.81,131,24.14,7.73,19.03,2.26,10.55,1.7,3.75,0.46,2.44,0.33
-35.8425,149.5469,"NEPHELINITE, OLIVINE [12818]",140,201,18.3,73,11.4,3.7,8.2,1.3,6.7,1.1,3.3,0.3,2.8,0.3
-41.1048,147.743,"NEPHELINITE [14505]",44.4,86.9,11,38.7,8.2,3.2,7.6,1.2,5.9,0.9,2.2,0.27,1.5,0.19
-41.1048,147.743,"NEPHELINITE [14505]",51.7,102,12.7,46,9.5,3.62,8.5,1.3,6.3,1,2.3,0.29,1.6,0.19
-41.1048,147.743,"NEPHELINITE [14505]",46,89.6,11.2,40.3,8.4,3.29,7.7,1.2,6.1,0.9,2.3,0.28,1.5,0.19
-40.9968,147.8077,"NEPHELINITE, OLIVINE [14505]",49.9,94.6,11.7,41.4,8.4,3.02,7.8,1.1,5.2,0.8,2,0.23,1.2,0.15
-40.9968,147.8077,"NEPHELINITE, OLIVINE [14505]",45.3,86.4,10.8,38.3,7.7,3.07,7,1.1,5.2,0.8,1.8,0.22,1.2,0.15
-40.9968,147.8077,"NEPHELINITE, OLIVINE [14505]",48.5,93.1,11.5,41,8.3,3.2,7.5,1.1,5.5,0.8,1.9,0.23,1.2,0.15
21.34,-157.85,"BASALT, NEPHELINE-MELILITE [300] / NEPHELINITE, MELILITE [340]",55.5,108,13.1,52,10.8,3.37,8.82,1.2,5.88,0.954,2.13,0.283,1.56,0.213
21.34,-157.85,"BASALT, NEPHELINE-MELILITE [300] / NEPHELINITE, MELILITE [340] / BASALT, NEPHELINE [6287]",87.2,169,19.7,78,15.2,4.74,12.4,1.64,7.87,1.31,2.87,0.38,2.07,0.277
38.0123,117.6803,"PICRITE [20725] / NEPHELINITE [24902]",74.2,137,16.7,63.3,12.9,3.97,11.3,1.46,7.25,1.26,2.7,0.33,1.82,0.23
38.0123,117.6803,"PICRITE [20725] / NEPHELINITE [24902]",69,128,15.7,58.8,12,3.65,10.4,1.34,6.74,1.16,2.4,0.29,1.62,0.19
38.0123,117.6803,"PICRITE [20725] / NEPHELINITE [24902]",69.3,128,15.7,59.5,12,3.72,10.5,1.36,6.75,1.15,2.46,0.31,1.54,0.19
38.0123,117.6803,"PICRITE [20725] / NEPHELINITE [24902]",68.6,127,15.5,59,11.8,3.67,10.5,1.35,6.81,1.17,2.54,0.31,1.64,0.21
38.0123,117.6803,"PICRITE [20725] / NEPHELINITE [24902]",63.2,117,14.3,54.8,11,3.42,9.84,1.28,6.52,1.14,2.44,0.3,1.66,0.22
38.0123,117.6803,"PICRITE [20725] / NEPHELINITE [24902]",67.4,124,15.2,57.6,11.5,3.6,10.1,1.3,6.51,1.11,2.41,0.28,1.54,0.2
38.0123,117.6803,"PICRITE [20725] / NEPHELINITE [24902]",68.7,126,15.5,59,11.6,3.63,10.4,1.33,6.78,1.16,2.49,0.31,1.57,0.2
38.0123,117.6803,"PICRITE [20725] / NEPHELINITE [24902]",71,131,15.9,60.2,12,3.71,10.7,1.37,6.96,1.17,2.5,0.29,1.62,0.2
14.83,-24.68,"NEPHELINITE, MELILITE [14628]",53,121,15,63,12.6,4.2,12.2,1.61,7.9,1.32,3.3,0.42,2.4,0.32
45.83,11.17,"NEPHELINITE [11689]",65.9,135,15.9,60.8,11.1,3.19,10.9,1.3,6.53,0.98,2.35,0.28,1.67,0.22
45.68,11.22,"NEPHELINITE [11689]",69.7,138,16.3,64.1,11.9,3.51,10.9,1.34,6.64,1.03,2.41,0.29,1.67,0.22
45.68,11.22,"NEPHELINITE [11689]",105,206,24.2,90.6,16.1,4.52,15.5,1.83,8.93,1.33,3.22,0.37,2.26,0.3
45.68,11.22,"NEPHELINITE [11689]",58.2,122,14.5,58,10.8,3.55,11.3,1.25,5.99,0.92,2.22,0.26,1.61,0.21
45.68,11.22,"NEPHELINITE [11689]",109,202,24,91.9,16,4.98,17.8,1.79,8.67,1.32,3.5,0.38,2.4,0.33
21.34,-157.85,"NEPHELINITE [340]",62.8,126,14.6,58.7,11.6,3.59,9.36,1.27,6.31,1.05,2.4,0.325,1.84,0.245
-2.6,35.85,"NEPHELINITE [15053]",131,233,26.5,95.6,16.2,4.82,12.3,1.7,8.67,1.47,3.75,0.49,3.08,0.447
-2.6,35.85,"NEPHELINITE [15053]",133,234,24.9,87.2,14.4,4.33,11,1.51,7.99,1.39,3.77,0.506,3.17,0.46
-2.6,35.85,"NEPHELINITE [15053]",137,214,20.9,68.5,11.4,3.48,9.16,1.37,7.88,1.44,4.09,0.585,3.76,0.525
-2.6,35.85,"NEPHELINITE [15053]",127,164,14.4,44.5,7.41,2.3,6.66,0.982,5.6,1.06,3.04,0.455,3.14,0.468
-2.6,35.85,"NEPHELINITE, MELILITE [15053]",144,240,25.7,90.8,15.4,4.63,12.4,1.73,9.34,1.64,4.35,0.593,3.72,0.523
38.0123,117.6803,"NEPHELINITE [15088]",69.274028334847,133.612958216855,15.5448059422028,62.1708264410394,12.1317383690312,3.78295722676739,10.2383974076685,1.53926123471684,7.10014764307287,1.1964658924638,2.65360647858134,0.283262939241893,1.63806370641247,0.199798199356484
61.181,155.38,"NEPHELINITE [15023]",54.23,106.7,12.87,53.26,10.54,3.22,9.48,1.23,6.01,1.05,2.56,0.31,1.75,0.23
61.181,155.38,"NEPHELINITE [15023]",56.8,112.3,13.57,56.04,11.17,3.34,10.02,1.31,6.33,1.1,2.68,0.32,1.9,0.24
61.393,155.56,"NEPHELINITE [15023]",57.23,113.3,13.63,56.59,11.22,3.37,10,1.3,6.42,1.12,2.71,0.32,1.85,0.24
61.393,155.56,"NEPHELINITE [15023]",57.66,114.2,13.72,57.08,11.28,3.4,10.2,1.3,6.37,1.1,2.73,0.31,1.85,0.25
53,112,"NEPHELINITE [7765]",57.28,109.27,13.84,56.89,10.97,3.54,10.06,1.26,5.88,0.93,1.92,0.24,1.26,0.17
53.77,112.98,"NEPHELINITE [7765]",25.705,52.866,7.088,29.841,6.347,2.05,5.843,0.861,4.618,0.839,1.9975,0.302,1.6615,0.248
53.77,112.98,"NEPHELINITE [7765]",29.815,59.895,7.817,32.301,6.6235,2.131,6.003,0.852,4.505,0.806,1.8975,0.271,1.493,0.226
53.98,112.88,"NEPHELINITE [7765]",38.446,73.358,9.217,37.821,7.4895,2.434,6.876,0.93,4.6315,0.779,1.7825,0.247,1.343,0.196
53.65,112.9,"NEPHELINITE [7765]",29.558,60.594,8.128,34.495,7.262,2.354,6.446,0.892,4.4225,0.743,1.605,0.223,1.182,0.171
53.62,112.46,"NEPHELINITE [7765]",25.449,52.285,6.929,29.141,6.1105,1.972,5.601,0.814,4.3985,0.805,1.921,0.277,1.5735,0.238
53.605,112.455,"NEPHELINITE [7765]",45.26,86.097,10.832,44.096,8.667,2.797,7.779,1.087,5.4045,0.934,2.13,0.307,1.6885,0.25
53.77,112.98,"NEPHELINITE [7765]",36.329,72.753,9.512,39.314,8.0315,2.523,7.109,1.009,5.196,0.927,2.1175,0.303,1.663,0.245
53,112,"NEPHELINITE [7765]",37.217,73.414,9.615,40.406,8.424,2.757,7.439,1.021,5.0295,0.822,1.766,0.234,1.201,0.169
53,112,"NEPHELINITE [7765]",44.008,84.384,10.715,43.077,8.5865,2.723,7.308,0.995,4.875,0.797,1.693,0.222,1.1385,0.158
53.758,112.405,"NEPHELINITE [7765]",59.667,115.6,14.482,58.768,11.3705,3.582,9.856,1.297,6.101,0.96,1.9815,0.25,1.239,0.163
53.758,112.405,"NEPHELINITE [7765]",56.329,108.513,14.062,56.258,10.991,3.469,9.666,1.253,5.926,0.939,1.9415,0.247,1.2485,0.162
53.77,112.98,"NEPHELINITE [7765]",59.077,114.056,14.694,58.623,11.5495,3.606,10.078,1.282,5.9865,0.943,1.9285,0.248,1.263,0.169
53.77,112.98,"NEPHELINITE [7765]",22.248,45.67,6.218,26.924,6.1315,2.084,6.196,0.871,4.5885,0.836,1.977,0.294,1.644,0.248
53.98,112.88,"NEPHELINITE [7765]",46.204,87.615,10.9,44.237,8.633,2.792,7.779,1.026,5.0145,0.824,1.816,0.243,1.318,0.181
53.77,112.98,"NEPHELINITE [7765]",40.307,78.667,10.157,41.11,8.1195,2.554,6.998,0.961,4.898,0.845,1.8735,0.265,1.4015,0.206
53.77,112.98,"NEPHELINITE [7765]",47.104,92.747,12.098,49.317,9.808,3.08,8.347,1.153,5.755,0.968,2.1285,0.293,1.5485,0.222
-45.18,170.9,"NEPHELINITE [14366]",5.81,19.61,3.44,18.49,4.92,1.76,4.67,0.63,2.9,0.44,0.9,0.09,0.4,0.05
-45.18,170.9,"NEPHELINITE [14366]",36.52,83.58,10.6,44.96,8.92,2.96,7.5,1.04,5.03,0.83,1.97,0.22,1.3,0.19
37,121,"BASALT [22782]",55.3,102.1,11.7,45,8.3,2.5,7.85,0.91,4.33,0.71,1.65,0.19,0.99,0.13
48.5,12,"NEPHELINITE, OLIVINE-MELILITE [15194]",69.26,134.79,15.1,57.7,10.47,3.03,9.8,1.11,5.18,0.87,2.47,0.29,1.77,0.23
21.34,-157.85,"NEPHELINITE, MELILITE [340] / BASALT, NEPHELINE-MELILITE [6287]",97.1,186,21.4,85.9,16.4,5,13.4,1.74,8.29,1.36,3.01,0.396,2.15,0.29
21.34,-157.85,"BASALT, NEPHELINE-MELILITE [300] / NEPHELINITE, MELILITE [340]",87.1,163,19.1,74.5,14.2,4.44,11.8,1.56,7.51,1.28,2.93,0.389,2.15,0.294
51.1,15.3,"NEPHELINITE [15697]",57.2,113.5,13.84,54,9.41,2.69,7.48,1.05,4.94,0.85,2.25,0.28,1.75,0.24
-17.585,48.2243,"NEPHELINITE, OLIVINE-LEUCITE [15764]",86.5,167,19.8,66.1,12.8,3.95,10.1,1.4,6.3,1.1,2.7,0.31,1.8,0.22
-19.3397,48.953,"NEPHELINITE, OLIVINE-MELILITE [15764]",69.8,136,16.2,61.9,11.1,3.73,9.9,1.3,5.9,1,2.4,0.29,1.6,0.22
-19.1692,48.9022,"NEPHELINITE, OLIVINE-MELILITE [15764]",89.5,162,17.9,64.1,10.6,3.38,7.9,1.1,5.1,0.9,2.1,0.26,1.5,0.19
-19.1741,48.8337,"NEPHELINITE, OLIVINE-MELILITE [15764]",85.9,162,18.5,67.7,11.2,3.61,9.1,1.2,5.7,0.9,2.3,0.28,1.6,0.2
67.81,33.76,"NEPHELINITE, OLIVINE [12885]",149,213,22,72,16,4.3,10,1.3,6.5,1.2,2.8,0.4,2.5,0.4
66.583,34.45,"NEPHELINITE, OLIVINE [12885]",93,126,14,49,11,3.1,7.9,1,5.1,0.9,2.1,0.3,1.9,0.3
67.5,33.2,"NEPHELINITE, OLIVINE [12885]",74,114,12,42,9.4,2.7,6.8,0.8,3.9,0.7,1.6,0.2,1.4,0.2
48.1,7.65,"NEPHELINITE [12885]",238,404,42,141,22,6.2,18,2.5,13,2.4,5.6,0.8,4.8,0.7
15.97,-22.7,"NEPHELINITE [16601]",57.2,136,18.7,78.1,16.7,5.29,12.9,1.7,8,1.3,3,0.33,1.9,0.23
15.97,-22.7,"NEPHELINITE [16601]",45.4,96.3,12.4,53.5,11.2,3.58,9.1,1.2,5.8,1,2.3,0.27,1.5,0.22
15.97,-22.7,"NEPHELINITE [16601]",52.7,108,13.5,57.8,12,3.76,9.8,1.3,6.3,1.1,2.6,0.32,1.9,0.27
15.97,-22.7,"NEPHELINITE [16601]",56.6,122,15.5,57.9,11.7,3.92,10.8,1.4,6.6,1.1,2.6,0.32,1.8,0.24
15.97,-22.7,"NEPHELINITE [16601]",52,113,14.2,53.2,10.8,3.47,9.9,1.2,6.2,1,2.6,0.32,1.8,0.23
14.8575,-24.7469,"NEPHELINITE, MELILITE [16910]",48.5,107,13,54.4,11.1,3.76,11,1.5,7.48,1.32,3.21,0.437,2.51,0.332
14.8664,-24.7433,"NEPHELINITE, MELILITE [16910]",51.6,114,13.9,58.8,12.1,4.08,11.8,1.59,7.97,1.36,3.36,0.433,2.49,0.326
14.8664,-24.7433,"NEPHELINITE, MELILITE [16910]",49.8,110,13.3,56.1,11.4,3.76,11,1.47,7.24,1.25,3.15,0.422,2.38,0.329
14.8617,-24.7478,"NEPHELINITE, MELILITE [16910]",57.6,124,14.6,59.6,11.9,3.9,11.3,1.55,7.58,1.31,3.32,0.438,2.58,0.354
14.8617,-24.7478,"NEPHELINITE, MELILITE [16910]",58.7,125,14.9,62.7,12.5,4.17,11.9,1.58,7.85,1.33,3.27,0.429,2.5,0.335
14.8575,-24.7469,"NEPHELINITE [16910]",76.4,156,17.8,70.4,13.4,4.43,12.7,1.71,8.38,1.49,3.76,0.521,3.03,0.395
14.8306,-24.6922,"NEPHELINITE, MELILITE [16910]",62.4,126,14.6,58.1,10.9,3.58,10.1,1.34,6.58,1.13,2.91,0.372,2.17,0.297
14.8322,-24.7131,"NEPHELINITE [16910]",69.7,147,17,67.9,12.5,4.03,11.5,1.52,7.51,1.28,3.27,0.432,2.44,0.342
-34.01,0.96,"NEPHELINITE [16977]",67.5,105,12.4,47.2,8.74,2.63,8.19,1.12,5.95,1.11,2.79,0.361,2.16,0.313
46.8383,15.8939,"NEPHELINITE [17042]",126,223,23.5,96.1,13.4,4,12,1.47,7.13,1.29,3.39,0.44,2.79,0.39
46.8383,15.8939,"NEPHELINITE [17042]",121,217,22.9,93.7,13,3.88,11.6,1.43,6.93,1.24,3.32,0.43,2.68,0.38
46.8383,15.8939,"NEPHELINITE [17042]",135,239,25.4,104,14.4,4.24,12.8,1.56,7.58,1.38,3.6,0.47,2.93,0.41
46.8383,15.8939,"NEPHELINITE [17042]",126,224,23.8,97.2,13.6,4.05,12.1,1.49,7.23,1.31,3.45,0.45,2.88,0.4
46.8383,15.8939,"NEPHELINITE [17042]",123,220,23.5,95.5,13.4,4,12,1.46,7.22,1.3,3.36,0.43,2.79,0.39
46.8383,15.8939,"NEPHELINITE [17042]",123,220,23.4,95.3,13.3,4.01,11.9,1.47,7.14,1.28,3.34,0.44,2.76,0.38
46.8383,15.8939,"NEPHELINITE [17042]",130,232,24.7,101,14,4.16,12.5,1.54,7.43,1.33,3.51,0.45,2.86,0.39
46.8383,15.8939,"NEPHELINITE [17042]",121,228,23.5,97.5,13.5,3.99,12.1,1.47,7.12,1.29,3.37,0.45,2.78,0.39
46.8383,15.8939,"NEPHELINITE [17042]",128,228,24.5,99.5,14,4.1,12.5,1.52,7.38,1.34,3.49,0.45,2.82,0.39
46.8383,15.8939,"NEPHELINITE [17042]",123,219,23.5,95.5,13.5,4.04,12,1.46,7.2,1.3,3.42,0.44,2.83,0.38
46.8383,15.8939,"NEPHELINITE [17042]",121,216,23.3,94.5,13.3,3.96,11.9,1.46,7.09,1.28,3.33,0.44,2.74,0.38
46.8383,15.8939,"NEPHELINITE [17042]",123,220,23.6,96.2,13.4,4.01,12.2,1.48,7.2,1.3,3.38,0.45,2.78,0.38
46.8383,15.8939,"NEPHELINITE [17042]",121,216,23.2,94,13.2,3.92,11.7,1.44,7.06,1.26,3.36,0.44,2.7,0.37
46.8383,15.8939,"NEPHELINITE [17042]",122,227,23.2,96.1,13.2,3.91,11.9,1.45,7.09,1.28,3.36,0.44,2.75,0.38
46.8383,15.8939,"NEPHELINITE [17042]",123,226,23.3,96.4,13.3,3.91,12.1,1.46,7.15,1.29,3.4,0.43,2.77,0.39
46.8383,15.8939,"NEPHELINITE [17042]",122,216,23.2,94,13.2,3.95,11.9,1.45,7.12,1.28,3.37,0.45,2.73,0.39
46.8383,15.8939,"NEPHELINITE [17042]",123,220,23.6,95.6,13.5,3.98,12.1,1.48,7.21,1.29,3.4,0.44,2.77,0.38
46.8505,15.9559,"NEPHELINITE [17042]",112,197,21,85,11.7,3.48,10.7,1.29,6.36,1.18,3.05,0.41,2.5,0.35
38.8166,-3.7621,"NEPHELINITE [17065]",79.4,154,18.1,69.8,12.4,3.7,10.3,1.3,6.87,1.15,2.8,0.33,2.1,0.27
38.663,-4.1079,"NEPHELINITE [17065]",88.7,174,20.4,80.2,14.2,4.2,11,1.45,7.61,1.28,3.15,0.39,2.2,0.29
53.55,100.63,"NEPHELINITE [17788]",191,341,34.3,132,22.3,6.1,18.3,2.3,10,1.7,3.5,0.4,1.9,0.2
55.0738,-59.0941,"NEPHELINITE [17795]",106.704275710848,226.630729033984,26.5963964597656,101.808389360393,16.5363235862004,4.61883791933436,11.8778433143842,1.43451968957427,7.02510183403069,1.14787100028243,2.69452804764166,0.322012884726411,1.99377949067961,0.322586673032469
55.0973,-59.1845,"NEPHELINITE [17795]",122.520277,232.658039,24.637697,88.08865344,15.193355,4.487624,11.464945,1.580992,7.84774,1.531845,4.61427764,0.676901,4.008659,0.545659
55.1476,-59.0164,"NEPHELINITE [17795]",102.736783,201.049891,22.207964,85.306403,14.686184,4.191703,10.557046,1.428915,6.539815,1.1217927,2.8548412,0.37103745,2.130713,0.278636
55.1436,-59.0424,"NEPHELINITE [17795]",115.41418,221.336049,23.808231,90.459111,14.678759,4.305925,10.774716,1.341366,6.141599,1.03981185,2.6307172,0.3215121,1.851144,0.241499
55.2205,-59.2454,"NEPHELINITE [17795]",76.8511811741933,155.832891057759,18.0433683470037,68.6020601123633,11.3347460717716,3.4170342929182,8.60300500217032,1.09690221879062,5.51066988784793,0.943583886542579,2.31165043901058,0.285952800289937,1.7271136852138,0.262755191232711
45.72,4.02,"NEPHELINITE, HAUYNE [13413]",96.7,183,19.87,76.1,12.53,3.73,10.31,1.27,6.36,1.1,2.56,0.316,1.86,0.269
45.33,3.85,"NEPHELINITE, OLIVINE [13414]",58.11,114.31,12.88,51.14,9.28,2.91,8.78,1.18,6.11,1.08,2.82,0.38,2.3,0.36
45.33,3.85,"NEPHELINITE, PYROXENE [13414]",79.87,164.4,19.1,75.19,13.41,4.1,11.67,1.58,8.21,1.5,3.83,0.5,3.13,0.45
45.72,4.02,"NEPHELINITE [13425]",93.54,156.31,18.25,68.21,11.12,3.6,9.88,1.36,6.18,1.15,2.65,0.4,2.04,0.31
38.9,-3.67,"NEPHELINITE [18745]",92.79,169.26,21.97,80.22,13.64,3.65,11.64,1.49,6.9,1.15,2.92,0.35,2.07,0.28
38.9,-3.67,"NEPHELINITE [18745]",88.07,160.61,21,76.88,13.18,3.62,11.15,1.42,6.62,1.08,2.79,0.34,1.96,0.27
38.9,-3.67,"NEPHELINITE [18745]",86.17,154.98,20.44,74.67,12.94,3.6,10.96,1.41,6.56,1.08,2.77,0.33,1.95,0.27
38.9,-3.67,"NEPHELINITE [18745]",98.37,173.13,22.92,84.32,14.78,4.07,11.47,1.45,6.93,1.1,2.81,0.36,2.08,0.29
38.9,-3.67,"NEPHELINITE [18745]",93.87,171.19,22.71,84.66,15.09,4.1,11.63,1.47,7.02,1.12,2.82,0.36,2.08,0.29
38.9,-3.67,"NEPHELINITE [18745]",90.11,166.16,21.69,78.86,13.58,3.59,11.42,1.46,6.8,1.12,2.89,0.35,2.01,0.28
38.9,-3.67,"NEPHELINITE [18745]",83.11,151.56,20.25,74.37,12.95,3.43,10.85,1.39,6.44,1.05,2.7,0.32,1.92,0.26
38.9,-3.67,"NEPHELINITE [18745]",90.01,161.78,21.02,76.29,13.12,3.53,11.18,1.43,6.62,1.09,2.79,0.34,1.99,0.27
38.9,-3.67,"NEPHELINITE [18745]",95.76,169.12,21.47,83.44,15.03,4.09,11.52,1.46,6.89,1.1,2.87,0.35,2.01,0.28
38.9,-3.67,"NEPHELINITE [18745]",98.68,178.91,22.99,84.58,14.75,4.06,11.43,1.46,7.01,1.11,2.84,0.37,2.09,0.29
38.9,-3.67,"NEPHELINITE [18745]",97.69,175.31,22.85,84.3,14.79,4.06,11.43,1.45,6.93,1.11,2.8,0.36,2.06,0.29
-13.143,-174.3,"NEPHELINITE, OLIVINE [461]",70.3,132.1,15.98,62.5,12.55,3.534,10.25,1.313,6.52,1.083,2.533,0.316,1.759,0.254
17,-25,"NEPHELINITE [8504]",81,172,19.91,87,14.98,4.41,14.09,1.76,8.59,1.34,3.45,0.4,2.38,0.32
39.55,78.95,"NEPHELINITE [19293]",213,393,42.6,157.26,28.15,8.9,25.1,3.23,16.9,2.87,7.59,0.85,5.24,0.7
39.55,78.95,"NEPHELINITE [19293]",198,367,39.9,151,27.3,8.39,24.4,3.03,16.1,2.73,7.18,0.83,4.92,0.69
39.55,78.95,"NEPHELINITE [19293]",201,374,40.4,154,27.6,8.4,24.1,3.04,16.4,2.78,7.32,0.87,4.96,0.67
39.55,78.95,"NEPHELINITE [19293]",214,392,42.6,159,28.1,8.75,25.3,3.26,16.7,2.89,7.56,0.92,5.15,0.7
39.55,78.95,"NEPHELINITE [19293]",194,361,39.3,149,27.1,8.03,22.9,2.95,15.6,2.7,7.07,0.83,4.79,0.64
39.55,78.95,"NEPHELINITE [19293]",170,312,34.2,132.16,23.84,7.17,20.7,2.67,14,2.34,6.23,0.72,4.35,0.56
39.55,78.95,"NEPHELINITE [19293]",169,316,35.1,135.96,24.4,7.45,21,2.7,14.1,2.39,6.15,0.74,4.32,0.56
39.55,78.95,"NEPHELINITE [19293]",203,376,40.9,155,27.9,8.46,24.7,3.13,16.4,2.85,7.41,0.87,5.16,0.68
39.55,78.95,"NEPHELINITE [19293]",191,356,38.7,148,26.4,8.13,22.3,3,15.7,2.66,7.11,0.83,4.96,0.63
39.55,78.95,"NEPHELINITE [19293]",184,346,37.8,145.27,25.89,7.91,22.4,2.86,15.5,2.61,6.83,0.79,4.57,0.61
39.55,78.95,"NEPHELINITE [19293]",179,347,45.7,174,29.3,9.05,25.7,3.32,16,2.9,6.82,0.88,4.81,0.68
39.55,78.95,"NEPHELINITE [19293]",140,289,35.9,140,23.7,7.2,20.3,2.62,12.7,2.22,5.28,0.69,3.84,0.53
39.55,78.95,"NEPHELINITE [19293]",193,361,47.9,182,31.2,9.37,27.3,3.55,17.8,3.13,7.74,1.01,5.64,0.78
39.55,78.95,"NEPHELINITE [19293]",179,356,42.3,161,29.5,8.99,25.4,3.7,17.5,2.98,7.92,0.87,5.32,0.68
39.55,78.95,"NEPHELINITE [19293]",165,325,38.7,151,27.4,8.28,22.2,3.38,16.2,2.73,7.22,0.84,5.05,0.65
39.55,78.95,"NEPHELINITE [19293]",157,315,37.8,147,27.3,8.08,23.3,3.34,16,2.69,7.09,0.8,4.76,0.62
39.55,78.95,"NEPHELINITE [19293]",150,302,40.3,159,27.9,8.32,24.1,3.11,15.1,2.6,6.07,0.81,4.39,0.58
39.55,78.95,"NEPHELINITE [19293]",209,371,52.8,205,33.4,10.1,28.3,3.61,17.6,3.01,6.92,0.93,5.15,0.69
39.55,78.95,"NEPHELINITE [19293]",263,462,51.1,194.84,34.23,10.3,28.2,3.75,20.5,3.54,9.52,1.12,6.59,0.85
39.55,78.95,"NEPHELINITE [19293]",258,466,50.1,184.9,32.49,10.1,28.5,3.76,19.7,3.44,9.1,1.08,6.33,0.83
-27.9,-49.15,"NEPHELINITE [18255]",59.76,98.65,14.89,73.22,16.8,3.04,13.9,2.3,13.19,2.25,5.46,0.73,2.79,0.38
67.55,33.22,"NEPHELINITE, OLIVINE [17924]",131,248,28.8,106,15.7,4.36,10.8,1.18,5.79,0.98,2.13,0.27,1.67,0.22
-11.35,43.2,"NEPHELINITE, OLIVINE [1278]",48.01,75.58,14.14,43.86,12.8,3.32,11.5,1.73,8.63,1.56,4.18,0.61,2.57,0.47
